"","Generi","Anni","Valutazionemondo","Valutazioneitalia","q"
"1","Comico",1895,2261,626,1
"2","Documentario",1895,889,369,1
"3","Horror",1896,1471,1392,1
"4","Documentario",1897,2299,2118,1
"5","Drammatico",1897,2355,2119,1
"6","Religioso",1897,199,1838,3
"7","Storico",1897,2167,2120,1
"8","Documentario",1898,2356,1042,1
"9","Poliziesco",1898,2300,2121,1
"10","Religioso",1898,113,2122,2
"11","Religioso",1899,23,2123,1
"12","Religioso",1900,2357,2124,1
"13","Fantascienza",1902,333,548,1
"14","Religioso",1902,2075,2125,1
"15","Azione",1903,714,1192,1
"16","Poliziesco",1903,715,1193,1
"17","Western",1903,716,1194,1
"18","Religioso",1905,24,2126,1
"19","Commedia",1906,783,200,1
"20","Drammatico",1906,849,260,2
"21","Religioso",1906,2076,1985,1
"22","Avventura",1907,1231,2416,1
"23","Religioso",1907,93,1635,2
"24","Drammatico",1908,1927,1774,2
"25","Storico",1908,1848,1509,1
"26","Religioso",1909,2459,2127,1
"27","Avventura",1910,2388,2402,2
"28","Drammatico",1910,1673,2128,3
"29","Religioso",1910,1993,1881,4
"30","Storico",1910,1933,2129,1
"31","Comico",1911,2301,2130,1
"32","Commedia",1911,2358,2131,1
"33","Documentario",1911,2354,2089,4
"34","Drammatico",1911,1680,1374,3
"35","Religioso",1911,393,1764,2
"36","Storico",1911,2225,1857,3
"37","Avventura",1912,2144,2132,1
"38","Commedia",1912,582,2133,4
"39","Documentario",1912,2339,1745,2
"40","Drammatico",1912,1336,2022,9
"41","Fantasy",1912,2406,2134,1
"42","Horror",1912,2460,2403,2
"43","Muto",1912,1573,2482,1
"44","Religioso",1912,2484,1943,6
"45","Storico",1912,2272,1478,3
"46","Avventura",1913,1513,1621,3
"47","Azione",1913,2302,2417,1
"48","Comico",1913,2270,2453,27
"49","Commedia",1913,1371,1795,52
"50","Documentario",1913,2340,1882,2
"51","Drammatico",1913,1925,1848,106
"52","Fantasy",1913,2341,1472,2
"53","Horror",1913,1758,2135,1
"54","Muto",1913,2452,2136,2
"55","Religioso",1913,2303,2137,1
"56","Sentimentale",1913,2237,1510,1
"57","Storico",1913,1060,2008,10
"58","Thriller",1913,2412,2138,1
"59","Western",1913,2304,1329,2
"60","Animazione",1914,2282,2483,1
"61","Avventura",1914,2359,2484,1
"62","Azione",1914,2190,2139,3
"63","Comico",1914,2305,2140,1
"64","Commedia",1914,2121,2033,3
"65","Cortometraggio",1914,1791,2418,1
"66","Documentario",1914,2360,2141,1
"67","Drammatico",1914,1206,1833,24
"68","Fantasy",1914,2497,2142,1
"69","Giallo",1914,2086,2143,2
"70","Guerra",1914,2361,2144,1
"71","Horror",1914,2306,2145,1
"72","Musicale",1914,2440,1746,2
"73","Muto",1914,1946,2454,2
"74","Poliziesco",1914,2493,1747,2
"75","Religioso",1914,1994,2146,1
"76","Sentimentale",1914,2450,2147,1
"77","Storico",1914,2403,2068,5
"78","Western",1914,826,2148,2
"79","Avventura",1915,2449,2149,3
"80","Azione",1915,2536,1883,1
"81","Biografico",1915,2513,2150,1
"82","Commedia",1915,2112,2392,4
"83","Cortometraggio",1915,1708,1689,7
"84","Documentario",1915,2151,2535,3
"85","Drammatico",1915,1256,1847,33
"86","Erotico",1915,2079,1884,1
"87","Fantasy",1915,1966,2151,1
"88","Giallo",1915,2115,2152,2
"89","Guerra",1915,1034,1243,3
"90","Musical",1915,344,2153,1
"91","Musicale",1915,2492,2154,1
"92","Muto",1915,2212,1692,1
"93","Poliziesco",1915,1658,2155,2
"94","Sentimentale",1915,2344,2156,3
"95","Storico",1915,2335,1556,4
"96","Thriller",1915,711,1511,1
"97","Western",1915,872,1072,2
"98","Animazione",1916,1734,1748,2
"99","Avventura",1916,2453,2157,3
"100","Azione",1916,2210,2158,2
"101","Biografico",1916,2362,2159,1
"102","Comico",1916,1869,2445,3
"103","Commedia",1916,1978,1955,5
"104","Cortometraggio",1916,1364,2009,2
"105","Drammatico",1916,1611,1822,22
"106","Fantastico",1916,1645,2419,1
"107","Guerra",1916,2461,2160,1
"108","Horror",1916,269,2161,2
"109","Poliziesco",1916,2535,2162,1
"110","Religioso",1916,1138,1941,3
"111","Sentimentale",1916,2448,2163,1
"112","Storico",1916,1258,1972,4
"113","Western",1916,1832,2164,2
"114","Avventura",1917,2522,2165,1
"115","Comico",1917,2095,1896,4
"116","Commedia",1917,1483,1975,6
"117","Documentario",1917,2363,2420,1
"118","Drammatico",1917,2127,1826,14
"119","Fantascienza",1917,1959,1030,1
"120","Musicale",1917,2544,2421,1
"121","Poliziesco",1917,2364,2166,1
"122","Storico",1917,2222,2167,1
"123","Western",1917,2424,1816,8
"124","Avventura",1918,2532,2075,1
"125","Biografico",1918,2194,1986,1
"126","Comico",1918,2065,2168,3
"127","Commedia",1918,1617,1460,9
"128","Documentario",1918,2345,2169,1
"129","Drammatico",1918,2118,2058,19
"130","Fantastico",1918,2307,2094,1
"131","Guerra",1918,1789,2455,2
"132","Musicale",1918,1804,2170,1
"133","Religioso",1918,2509,1775,2
"134","Sentimentale",1918,2346,2171,1
"135","Western",1918,2505,2016,8
"136","Avventura",1919,1713,1662,6
"137","Azione",1919,3,2172,1
"138","Comico",1919,1876,2091,3
"139","Commedia",1919,1621,1809,10
"140","Documentario",1919,1667,2071,3
"141","Drammatico",1919,1223,1414,31
"142","Fantastico",1919,171,2173,3
"143","Fantasy",1919,1990,1512,1
"144","Giallo",1919,2308,2174,1
"145","Guerra",1919,2309,2485,1
"146","Horror",1919,2441,2175,1
"147","Muto",1919,2428,2176,2
"148","Poliziesco",1919,1352,2177,2
"149","Religioso",1919,1951,1956,3
"150","Sentimentale",1919,896,1776,1
"151","Storico",1919,2297,1979,2
"152","Western",1919,2154,2178,9
"153","Avventura",1920,2025,2393,4
"154","Biografico",1920,2113,2048,2
"155","Comico",1920,1922,2179,2
"156","Commedia",1920,267,2023,11
"157","Documentario",1920,2423,2443,4
"158","Drammatico",1920,910,1732,29
"159","Erotico",1920,2155,2180,1
"160","Fantascienza",1920,1186,1195,1
"161","Fantasy",1920,1128,2013,2
"162","Favola",1920,1929,2181,1
"163","Giallo",1920,2365,2182,1
"164","Horror",1920,1578,1543,3
"165","Musicale",1920,1590,2183,1
"166","Muto",1920,1957,2184,1
"167","Sentimentale",1920,2291,2446,3
"168","Storico",1920,525,2185,2
"169","Thriller",1920,16,1059,1
"170","Western",1920,2543,2186,1
"171","Avventura",1921,605,2010,4
"172","Azione",1921,5,2396,3
"173","Comico",1921,1504,2045,3
"174","Commedia",1921,661,653,8
"175","Documentario",1921,1415,2049,2
"176","Drammatico",1921,944,1003,21
"177","Family",1921,100,223,1
"178","Fantascienza",1921,2206,1513,1
"179","Fantasy",1921,1878,2018,3
"180","Guerra",1921,1570,1693,1
"181","Horror",1921,2336,2486,1
"182","Musicale",1921,2310,2187,1
"183","Muto",1921,2389,2404,2
"184","Poliziesco",1921,1743,2188,1
"185","Sentimentale",1921,1642,2072,3
"186","Storico",1921,1057,2189,1
"187","Teatro",1921,1242,2190,1
"188","Thriller",1921,2366,2191,1
"189","Western",1921,2488,2192,2
"190","Avventura",1922,1175,1765,2
"191","Comico",1922,1286,2405,2
"192","Commedia",1922,1326,2193,5
"193","Documentario",1922,1098,1983,4
"194","Drammatico",1922,815,1412,24
"195","Horror",1922,136,351,1
"196","Musicale",1922,2216,2397,3
"197","Muto",1922,1765,2194,2
"198","Sentimentale",1922,1469,1835,5
"199","Storico",1922,2419,2195,3
"200","Thriller",1922,985,1604,1
"201","Avventura",1923,2179,2196,1
"202","Azione",1923,646,1694,1
"203","Comico",1923,1768,2042,4
"204","Commedia",1923,1309,1973,7
"205","Documentario",1923,2413,2197,1
"206","Drammatico",1923,1195,1974,22
"207","Erotico",1923,554,839,1
"208","Family",1923,647,1695,1
"209","Fantascienza",1923,1638,2198,1
"210","Giallo",1923,2311,2199,1
"211","Musicale",1923,1856,2200,1
"212","Religioso",1923,2496,2201,1
"213","Sentimentale",1923,1039,1957,3
"214","Storico",1923,1954,1482,6
"215","Western",1923,2010,1777,1
"216","Avventura",1924,1359,1839,7
"217","Azione",1924,405,1514,1
"218","Comico",1924,897,1696,1
"219","Commedia",1924,853,1661,11
"220","Cortometraggio",1924,1446,2487,1
"221","Documentario",1924,1833,2202,1
"222","Drammatico",1924,1409,1902,22
"223","Fantascienza",1924,1766,2203,2
"224","Fantastico",1924,1032,2204,1
"225","Fantasy",1924,744,1545,3
"226","Giallo",1924,406,1515,1
"227","Grottesco",1924,1306,1987,1
"228","Musicale",1924,1724,2205,1
"229","Muto",1924,2545,2422,1
"230","Poliziesco",1924,655,1749,2
"231","Sentimentale",1924,2107,2206,3
"232","Storico",1924,1604,1790,4
"233","Thriller",1924,2418,2207,1
"234","Western",1924,1552,1946,1
"235","Avventura",1925,1822,1942,5
"236","Comico",1925,1200,2050,2
"237","Commedia",1925,1379,1275,15
"238","Drammatico",1925,976,1652,17
"239","Erotico",1925,2498,2208,1
"240","Family",1925,1236,346,1
"241","Fantasy",1925,2233,2488,1
"242","Giallo",1925,2312,2489,1
"243","Guerra",1925,1449,2051,2
"244","Musicale",1925,2283,2209,3
"245","Muto",1925,2313,2210,1
"246","Religioso",1925,17,1060,1
"247","Sentimentale",1925,1341,2082,7
"248","Storico",1925,2242,2211,2
"249","Western",1925,2367,2212,1
"250","Animazione",1926,1130,2213,1
"251","Avventura",1926,1750,1968,6
"252","Biografico",1926,308,2214,1
"253","Comico",1926,1453,1988,1
"254","Commedia",1926,2161,1674,9
"255","Documentario",1926,2183,2044,5
"256","Drammatico",1926,452,1792,29
"257","Fantasy",1926,733,799,1
"258","Guerra",1926,1020,1885,1
"259","Musicale",1926,1614,1989,1
"260","Muto",1926,1980,1990,1
"261","Sentimentale",1926,1941,2474,4
"262","Storico",1926,2292,2215,3
"263","Thriller",1926,894,1597,2
"264","Western",1926,700,2216,6
"265","Avventura",1927,2433,2217,3
"266","Azione",1927,361,1173,2
"267","Comico",1927,1719,2444,4
"268","Commedia",1927,992,1760,12
"269","Documentario",1927,2078,1726,2
"270","Drammatico",1927,802,1229,24
"271","Fantascienza",1927,44,270,1
"272","Fantasy",1927,1682,2015,2
"273","Giallo",1927,2527,2490,1
"274","Guerra",1927,472,1177,3
"275","Horror",1927,2350,1516,1
"276","Musicale",1927,2058,2052,2
"277","Religioso",1927,1324,2456,2
"278","Sentimentale",1927,551,1593,7
"279","Storico",1927,2201,1642,4
"280","Thriller",1927,14,2491,1
"281","Western",1927,1893,2218,7
"282","Animazione",1928,691,2087,4
"283","Avventura",1928,813,2061,12
"284","Azione",1928,1824,1947,6
"285","Biografico",1928,814,2385,4
"286","Comico",1928,1002,1464,4
"287","Commedia",1928,1690,1830,44
"288","Cortometraggio",1928,1609,1991,1
"289","Documentario",1928,1452,2035,4
"290","Drammatico",1928,1193,1910,64
"291","Family",1928,1327,1992,1
"292","Giallo",1928,1566,2219,2
"293","Guerra",1928,1311,1919,1
"294","Horror",1928,1472,1824,4
"295","Musical",1928,137,1384,3
"296","Musicale",1928,2286,2220,3
"297","Muto",1928,2067,2221,2
"298","Poliziesco",1928,792,1750,2
"299","Sentimentale",1928,2255,2038,14
"300","Storico",1928,1755,2423,1
"301","Thriller",1928,1737,2513,1
"302","Western",1928,2508,2222,2
"303","Animazione",1929,1277,2398,3
"304","Avventura",1929,823,2064,22
"305","Azione",1929,2017,2223,2
"306","Biografico",1929,2119,2224,2
"307","Comico",1929,1950,1870,7
"308","Commedia",1929,1693,2067,39
"309","Docu-fiction",1929,1413,2225,1
"310","Documentario",1929,1189,2070,6
"311","Drammatico",1929,1608,1971,72
"312","Fantascienza",1929,1770,1212,1
"313","Fantasy",1929,547,986,2
"314","Giallo",1929,1741,1707,10
"315","Guerra",1929,2268,2226,2
"316","Horror",1929,34,2394,4
"317","Musical",1929,590,2227,2
"318","Musicale",1929,1551,2003,18
"319","Muto",1929,2269,2424,1
"320","Poliziesco",1929,2219,2101,4
"321","Sentimentale",1929,1333,2080,7
"322","Spionaggio",1929,2193,2228,1
"323","Storico",1929,1535,1673,5
"324","Thriller",1929,609,2492,1
"325","Western",1929,2034,2060,4
"326","Animazione",1930,2368,2493,1
"327","Avventura",1930,1433,2092,19
"328","Biografico",1930,2417,2053,2
"329","Comico",1930,1936,1646,14
"330","Commedia",1930,1543,1937,48
"331","Commedia musicale",1930,2533,2494,1
"332","Documentario",1930,1870,2524,7
"333","Drammatico",1930,1516,1613,80
"334","Family",1930,2369,2495,1
"335","Fantascienza",1930,2439,2229,1
"336","Fantasy",1930,1068,1594,3
"337","Giallo",1930,2071,1906,6
"338","Guerra",1930,573,1084,3
"339","Horror",1930,891,2425,1
"340","Musicale",1930,2092,2093,14
"341","Muto",1930,2245,2230,1
"342","Noir",1930,2347,2231,1
"343","Poliziesco",1930,2081,2390,5
"344","Ragazzi",1930,2209,2232,1
"345","Religioso",1930,18,2233,1
"346","Sentimentale",1930,1581,1667,8
"347","Storico",1930,2494,2234,1
"348","Thriller",1930,1735,2029,3
"349","Western",1930,1272,2235,5
"350","Animazione",1931,2523,1393,1
"351","Avventura",1931,718,1958,16
"352","Azione",1931,183,1442,3
"353","Biografico",1931,1635,2236,2
"354","Comico",1931,1849,1731,8
"355","Commedia",1931,1348,1688,60
"356","Commedia musicale",1931,2426,2237,1
"357","Documentario",1931,2220,2457,6
"358","Drammatico",1931,1168,1736,78
"359","Erotico",1931,2524,2238,1
"360","Family",1931,2314,1993,1
"361","Fantascienza",1931,2465,2536,1
"362","Fantastico",1931,1918,2239,1
"363","Giallo",1931,1987,1623,5
"364","Guerra",1931,1984,2450,4
"365","Horror",1931,294,1220,5
"366","Musicale",1931,1559,1926,10
"367","Muto",1931,2399,1206,1
"368","Poliziesco",1931,233,992,9
"369","Sentimentale",1931,1432,1198,10
"370","Storico",1931,2315,2240,1
"371","Thriller",1931,280,617,3
"372","Western",1931,1722,2012,9
"373","Animazione",1932,2110,1751,2
"374","Avventura",1932,1973,2097,12
"375","Azione",1932,1577,1852,2
"376","Biografico",1932,2125,2241,2
"377","Comico",1932,1665,1117,6
"378","Commedia",1932,1390,1925,80
"379","Documentario",1932,1681,2006,5
"380","Drammatico",1932,1382,1725,79
"381","Fantascienza",1932,2295,2242,1
"382","Fantastico",1932,2099,2458,2
"383","Giallo",1932,182,2511,8
"384","Guerra",1932,1900,2473,3
"385","Horror",1932,623,1257,9
"386","Musical",1932,2525,1886,1
"387","Musicale",1932,2003,2020,10
"388","Muto",1932,1436,2243,2
"389","Noir",1932,1784,1867,1
"390","Poliziesco",1932,1040,1338,12
"391","Religioso",1932,2316,2244,1
"392","Sentimentale",1932,1730,1856,12
"393","Spionaggio",1932,2317,2426,1
"394","Storico",1932,1586,1868,2
"395","Thriller",1932,919,961,5
"396","Western",1932,1347,1864,11
"397","Animazione",1933,1992,756,2
"398","Avventura",1933,622,1584,19
"399","Azione",1933,2526,2245,1
"400","Biografico",1933,2464,2399,3
"401","Comico",1933,1110,1227,14
"402","Commedia",1933,1439,1879,104
"403","Documentario",1933,2134,1607,7
"404","Drammatico",1933,1386,1786,90
"405","Erotico",1933,1136,2246,1
"406","Fantascienza",1933,988,1650,4
"407","Fantastico",1933,1599,2459,4
"408","Fantasy",1933,82,973,4
"409","Giallo",1933,1742,1780,9
"410","Guerra",1933,1828,2106,9
"411","Horror",1933,120,937,5
"412","Musical",1933,907,1783,2
"413","Musicale",1933,1624,1950,13
"414","Muto",1933,2474,2427,1
"415","Poliziesco",1933,1721,2531,3
"416","Sentimentale",1933,1537,1504,16
"417","Spionaggio",1933,2506,2247,1
"418","Storico",1933,1890,1373,4
"419","Thriller",1933,157,1013,5
"420","Western",1933,1650,2248,4
"421","Animazione",1934,1912,1742,5
"422","Avventura",1934,1147,1711,25
"423","Azione",1934,1970,2019,3
"424","Biografico",1934,838,2505,4
"425","Comico",1934,2100,2249,6
"426","Commedia",1934,1197,1963,102
"427","Documentario",1934,2043,1421,7
"428","Drammatico",1934,1422,1859,112
"429","Fantascienza",1934,2168,1994,1
"430","Fantastico",1934,1816,1961,2
"431","Fantasy",1934,1776,1812,1
"432","Fiabesco",1934,2169,2250,1
"433","Giallo",1934,1493,1617,13
"434","Guerra",1934,1536,1729,2
"435","Horror",1934,1521,1671,3
"436","Musical",1934,2132,2387,2
"437","Musicale",1934,1695,1907,17
"438","Muto",1934,2213,1517,1
"439","Poliziesco",1934,1282,1819,6
"440","Sentimentale",1934,973,1589,16
"441","Spionaggio",1934,2517,2251,1
"442","Storico",1934,1097,1450,5
"443","Thriller",1934,751,1363,4
"444","Western",1934,1989,2409,5
"445","Animazione",1935,1917,2252,3
"446","Avventura",1935,998,1771,18
"447","Azione",1935,1027,1875,2
"448","Biografico",1935,1839,1218,5
"449","Comico",1935,1748,1912,8
"450","Commedia",1935,1720,1758,117
"451","Documentario",1935,1511,1670,9
"452","Drammatico",1935,1185,1685,113
"453","Family",1935,443,1095,1
"454","Fantascienza",1935,583,1092,2
"455","Fantasy",1935,1866,1876,6
"456","Giallo",1935,1939,1862,18
"457","Guerra",1935,1707,1948,2
"458","Horror",1935,650,1549,7
"459","Musicale",1935,1246,1807,16
"460","Poliziesco",1935,422,1555,9
"461","Religioso",1935,257,1066,1
"462","Sentimentale",1935,1161,1873,13
"463","Storico",1935,952,1647,10
"464","Thriller",1935,915,2062,8
"465","Western",1935,1997,1773,15
"466","Animazione",1936,1928,1752,2
"467","Avventura",1936,1506,1980,32
"468","Biografico",1936,1592,1939,7
"469","Comico",1936,176,276,3
"470","Commedia",1936,1751,1984,131
"471","Documentario",1936,2062,1959,5
"472","Drammatico",1936,1016,1898,116
"473","Erotico",1936,765,2253,1
"474","Family",1936,301,2254,1
"475","Fantascienza",1936,1226,1636,2
"476","Fantastico",1936,2507,2508,2
"477","Giallo",1936,1417,1930,17
"478","Guerra",1936,2298,1808,9
"479","Horror",1936,1318,2069,6
"480","Musicale",1936,1260,1114,20
"481","Muto",1936,895,2255,1
"482","Poliziesco",1936,1795,2088,16
"483","Sentimentale",1936,1810,1799,17
"484","Spionaggio",1936,2451,2460,2
"485","Storico",1936,2055,2065,8
"486","Thriller",1936,1209,1592,5
"487","Western",1936,2224,2001,11
"488","Animazione",1937,36,215,1
"489","Avventura",1937,1163,1798,44
"490","Azione",1937,32,1479,6
"491","Biografico",1937,52,1420,4
"492","Comico",1937,1797,1811,10
"493","Commedia",1937,1576,1861,126
"494","Commedia musicale",1937,2136,2256,1
"495","Documentario",1937,2066,2036,7
"496","Drammatico",1937,1372,1713,132
"497","Episodi",1937,2196,1031,1
"498","Erotico",1937,1134,2257,1
"499","Family",1937,37,216,1
"500","Fantascienza",1937,2500,2258,1
"501","Fantastico",1937,2348,2259,1
"502","Fantasy",1937,1038,1778,1
"503","Giallo",1937,390,2104,20
"504","Guerra",1937,980,1184,5
"505","Musicale",1937,808,865,16
"506","Noir",1937,1122,1697,1
"507","Poliziesco",1937,1777,1664,6
"508","Sentimentale",1937,1649,2117,16
"509","Spionaggio",1937,2337,2260,1
"510","Storico",1937,1887,1047,5
"511","Thriller",1937,1759,2523,2
"512","Western",1937,2165,2039,13
"513","Avventura",1938,1652,1456,46
"514","Azione",1938,923,2448,3
"515","Biografico",1938,1801,1267,6
"516","Comico",1938,1827,1788,4
"517","Commedia",1938,1862,1681,137
"518","Commedia musicale",1938,2014,2261,1
"519","Documentario",1938,2409,2262,5
"520","Drammatico",1938,877,1825,107
"521","Family",1938,1572,700,1
"522","Fantascienza",1938,1116,2527,1
"523","Fantastico",1938,1894,2263,1
"524","Giallo",1938,1151,2113,12
"525","Guerra",1938,1373,1905,7
"526","Medico",1938,2013,2264,1
"527","Mitologico",1938,2534,1698,1
"528","Musicale",1938,2102,2047,17
"529","Muto",1938,2370,2265,1
"530","Poliziesco",1938,1593,1624,16
"531","Sentimentale",1938,1490,1500,15
"532","Storico",1938,1342,1408,9
"533","Thriller",1938,1905,2266,1
"534","Western",1938,2241,1840,11
"535","Animazione",1939,1924,2021,3
"536","Avventura",1939,625,1006,38
"537","Azione",1939,742,781,3
"538","Biografico",1939,2166,2083,6
"539","Comico",1939,1482,1686,7
"540","Commedia",1939,1696,1877,122
"541","Commedia drammatica",1939,2228,1995,1
"542","Commedia musicale",1939,2515,2267,1
"543","Documentario",1939,1940,1976,6
"544","Drammatico",1939,1152,1533,152
"545","Family",1939,6,160,1
"546","Fantasy",1939,69,275,3
"547","Favola",1939,2229,2428,1
"548","Giallo",1939,1778,2103,11
"549","Guerra",1939,495,675,11
"550","Horror",1939,1305,1508,7
"551","Musicale",1939,570,727,18
"552","Muto",1939,1817,2268,1
"553","Poliziesco",1939,177,1712,15
"554","Ragazzi",1939,1443,1518,1
"555","Religioso",1939,2318,1394,1
"556","Sentimentale",1939,706,837,27
"557","Spionaggio",1939,2486,2269,1
"558","Storico",1939,1653,1631,6
"559","Thriller",1939,1214,1539,7
"560","Western",1939,1006,1186,8
"561","Animazione",1940,108,375,2
"562","Avventura",1940,1584,1915,50
"563","Azione",1940,1820,2429,1
"564","Biografico",1940,1845,2046,6
"565","Comico",1940,1596,2007,12
"566","Commedia",1940,1065,1262,119
"567","Documentario",1940,2446,2526,5
"568","Drammatico",1940,1388,1557,100
"569","Erotico",1940,2546,2270,1
"570","Fantascienza",1940,1610,1213,1
"571","Fantasy",1940,1663,1552,5
"572","Favola",1940,1076,712,2
"573","Giallo",1940,2319,2496,1
"574","Guerra",1940,1884,1348,11
"575","Horror",1940,1369,1699,1
"576","Musical",1940,2124,2026,1
"577","Musicale",1940,961,1913,20
"578","Poliziesco",1940,1781,1916,10
"579","Religioso",1940,2170,2271,1
"580","Sentimentale",1940,1149,1383,18
"581","Spionaggio",1940,2499,1519,1
"582","Storico",1940,1786,1187,11
"583","Thriller",1940,812,2272,2
"584","Western",1940,1510,2090,6
"585","Animazione",1941,1630,683,3
"586","Avventura",1941,1587,1846,43
"587","Azione",1941,1671,1869,2
"588","Biografico",1941,2002,2043,6
"589","Comico",1941,1044,2034,16
"590","Commedia",1941,1691,1894,133
"591","Documentario",1941,1877,1935,6
"592","Drammatico",1941,1066,1452,118
"593","Fantascienza",1941,2467,2430,1
"594","Fantastico",1941,1919,2273,1
"595","Fantasy",1941,1172,1949,1
"596","Fiabesco",1941,1746,2431,1
"597","Giallo",1941,1400,2041,5
"598","Guerra",1941,2138,1705,15
"599","Horror",1941,912,1553,3
"600","Musicale",1941,1931,1715,23
"601","Noir",1941,160,920,2
"602","Poliziesco",1941,1529,1573,8
"603","Ragazzi",1941,2320,2497,1
"604","Religioso",1941,2016,1813,2
"605","Sentimentale",1941,1426,1966,26
"606","Storico",1941,2252,1065,4
"607","Thriller",1941,411,1298,8
"608","Western",1941,1310,2504,8
"609","Animazione",1942,362,540,3
"610","Avventura",1942,543,1802,41
"611","Azione",1942,2293,2274,3
"612","Biografico",1942,2035,979,8
"613","Comico",1942,1694,1724,15
"614","Commedia",1942,1475,1323,116
"615","Documentario",1942,1545,2516,6
"616","Drammatico",1942,1051,1535,118
"617","Erotico",1942,1135,2432,1
"618","Family",1942,1141,2027,1
"619","Fantascienza",1942,1729,2037,3
"620","Fantastico",1942,1547,1727,1
"621","Fantasy",1942,726,867,1
"622","Favola",1942,2052,1842,2
"623","Giallo",1942,1945,2465,8
"624","Guerra",1942,1773,1596,32
"625","Horror",1942,1111,1461,4
"626","Musicale",1942,1585,1940,23
"627","Muto",1942,1143,418,1
"628","Parodia",1942,2143,2275,1
"629","Poliziesco",1942,1588,1967,11
"630","Religioso",1942,854,2542,2
"631","Sentimentale",1942,357,847,14
"632","Spionaggio",1942,2425,2109,2
"633","Storico",1942,1979,1874,4
"634","Thriller",1942,1349,1625,12
"635","Western",1942,2205,1598,2
"636","Animazione",1943,2077,728,1
"637","Avventura",1943,1938,1721,21
"638","Azione",1943,1774,1576,2
"639","Biografico",1943,1637,1928,5
"640","Comico",1943,2129,1909,11
"641","Commedia",1943,951,1785,99
"642","Commedia musicale",1943,2468,2276,1
"643","Commedia sentimentale",1943,2371,2537,1
"644","Documentario",1943,2094,1841,6
"645","Drammatico",1943,1389,1503,92
"646","Fantascienza",1943,1037,2054,1
"647","Fantasy",1943,1312,1400,3
"648","Giallo",1943,669,2107,3
"649","Guerra",1943,1298,1806,36
"650","Horror",1943,881,2477,3
"651","Musicale",1943,1986,1845,24
"652","Noir",1943,1009,1887,2
"653","Poliziesco",1943,1560,1931,6
"654","Religioso",1943,1273,485,2
"655","Sentimentale",1943,1569,1782,22
"656","Spionaggio",1943,1283,2076,1
"657","Storico",1943,2141,2514,3
"658","Thriller",1943,832,1794,10
"659","Western",1943,1224,1951,6
"660","Animazione",1944,1109,877,2
"661","Avventura",1944,1435,2011,23
"662","Biografico",1944,1965,1920,2
"663","Comico",1944,1616,2086,14
"664","Commedia",1944,1460,1566,58
"665","Commedia musicale",1944,2443,2277,1
"666","Documentario",1944,1807,2084,6
"667","Drammatico",1944,1239,1917,59
"668","Fantascienza",1944,2133,2478,3
"669","Fantasy",1944,1541,1554,5
"670","Favola",1944,1898,1932,2
"671","Giallo",1944,829,1159,7
"672","Guerra",1944,1139,1769,23
"673","Horror",1944,1323,2447,3
"674","Musicale",1944,856,1643,24
"675","Noir",1944,576,737,2
"676","Poliziesco",1944,206,1403,12
"677","Religioso",1944,1171,2452,3
"678","Sentimentale",1944,1092,1379,9
"679","Spionaggio",1944,2114,2278,1
"680","Storico",1944,1639,2078,5
"681","Thriller",1944,1264,2116,6
"682","Western",1944,2041,2411,4
"683","Animazione",1945,2048,2279,1
"684","Avventura",1945,1906,1872,26
"685","Biografico",1945,1520,1708,4
"686","Comico",1945,1901,2512,10
"687","Commedia",1945,1823,1810,65
"688","Documentario",1945,1633,2467,8
"689","Drammatico",1945,1362,1147,85
"690","Family",1945,1892,2538,1
"691","Fantascienza",1945,1287,1255,1
"692","Fantasy",1945,1811,1645,7
"693","Giallo",1945,955,1174,4
"694","Guerra",1945,1709,779,19
"695","Horror",1945,1533,1706,11
"696","Musicale",1945,1864,1978,19
"697","Noir",1945,842,755,1
"698","Poliziesco",1945,1383,1603,14
"699","Religioso",1945,596,1319,3
"700","Sentimentale",1945,1080,1489,11
"701","Storico",1945,2519,2280,1
"702","Thriller",1945,1350,1237,3
"703","Western",1945,2263,1753,2
"704","Animazione",1946,1429,722,5
"705","Avventura",1946,1963,1843,25
"706","Biografico",1946,1710,2414,4
"707","Comico",1946,1636,1538,12
"708","Commedia",1946,1937,1820,60
"709","Documentario",1946,1915,1606,9
"710","Drammatico",1946,1013,1280,131
"711","Family",1946,1488,816,3
"712","Fantasy",1946,220,955,4
"713","Favola",1946,2061,1282,1
"714","Giallo",1946,593,1025,4
"715","Guerra",1946,2296,1611,8
"716","Horror",1946,1522,1779,1
"717","Musicale",1946,1964,1911,23
"718","Muto",1946,2171,1283,1
"719","Noir",1946,540,811,6
"720","Poliziesco",1946,719,2024,20
"721","Religioso",1946,2462,2281,2
"722","Sentimentale",1946,2045,2115,11
"723","Storico",1946,1619,1954,7
"724","Thriller",1946,1118,975,11
"725","Western",1946,1089,1285,4
"726","Animazione",1947,1486,2031,4
"727","Avventura",1947,1199,1866,40
"728","Azione",1947,1840,2517,2
"729","Biografico",1947,2080,1312,6
"730","Comico",1947,1841,2451,13
"731","Commedia",1947,950,1567,72
"732","Documentario",1947,2137,2005,11
"733","Drammatico",1947,863,1496,160
"734","Eventi",1947,410,2282,1
"735","Fantasy",1947,107,580,4
"736","Favola",1947,1727,1375,1
"737","Giallo",1947,1160,1586,10
"738","Guerra",1947,2117,1855,4
"739","Musicale",1947,1692,1550,22
"740","Noir",1947,776,1044,2
"741","Poliziesco",1947,1407,1952,28
"742","Sentimentale",1947,2130,2032,12
"743","Storico",1947,2198,1014,7
"744","Thriller",1947,1706,1934,10
"745","Western",1947,2018,1970,8
"746","Animazione",1948,1466,1268,2
"747","Avventura",1948,1240,1899,59
"748","Azione",1948,2427,2283,1
"749","Biografico",1948,2069,2525,5
"750","Comico",1948,1485,1313,10
"751","Commedia",1948,835,1616,79
"752","Documentario",1948,2267,1683,14
"753","Drammatico",1948,943,1054,131
"754","Fantastico",1948,1859,1814,1
"755","Fantasy",1948,1883,1648,3
"756","Giallo",1948,1281,2014,3
"757","Guerra",1948,475,1542,8
"758","Musicale",1948,850,1537,18
"759","Noir",1948,1605,2509,2
"760","Poliziesco",1948,1424,2114,20
"761","Religioso",1948,2516,2543,1
"762","Sentimentale",1948,1454,1945,16
"763","Storico",1948,1046,1532,10
"764","Thriller",1948,1519,2102,7
"765","Western",1948,960,940,8
"766","Animazione",1949,1462,1789,5
"767","Avventura",1949,1705,2017,57
"768","Azione",1949,2234,2284,1
"769","Biografico",1949,1812,965,3
"770","Comico",1949,1916,1249,26
"771","Commedia",1949,1598,1445,89
"772","Documentario",1949,1921,820,6
"773","Drammatico",1949,1132,1347,166
"774","Family",1949,1852,1718,1
"775","Fantasy",1949,1303,1581,5
"776","Favola",1949,2156,1473,2
"777","Giallo",1949,587,894,8
"778","Guerra",1949,1346,1536,11
"779","Musicale",1949,1678,1367,22
"780","Noir",1949,285,732,4
"781","Poliziesco",1949,1427,2079,31
"782","Religioso",1949,2334,676,2
"783","Sentimentale",1949,1818,1871,14
"784","Storico",1949,1325,1083,10
"785","Thriller",1949,467,892,6
"786","Western",1949,1662,1676,15
"787","Animazione",1950,195,330,2
"788","Avventura",1950,1198,1627,74
"789","Biografico",1950,1830,1560,4
"790","Comico",1950,1108,1534,20
"791","Commedia",1950,1392,1306,91
"792","Documentario",1950,2391,1895,7
"793","Drammatico",1950,1093,1551,159
"794","Family",1950,2074,1009,3
"795","Fantascienza",1950,1479,2510,2
"796","Fantasy",1950,1321,2449,4
"797","Giallo",1950,670,1791,9
"798","Guerra",1950,1836,1444,9
"799","Musicale",1950,1725,1446,24
"800","Noir",1950,169,561,3
"801","Poliziesco",1950,916,1579,34
"802","Religioso",1950,2454,1376,2
"803","Sentimentale",1950,1806,1953,15
"804","Storico",1950,2511,2468,6
"805","Thriller",1950,689,1440,11
"806","Western",1950,1557,2004,9
"807","Animazione",1951,469,838,4
"808","Avventura",1951,1589,1614,74
"809","Biografico",1951,1702,862,8
"810","Comico",1951,2042,824,41
"811","Commedia",1951,1626,1318,136
"812","Documentario",1951,1971,1981,12
"813","Drammatico",1951,1181,1453,154
"814","Fantascienza",1951,692,1250,8
"815","Fantasy",1951,1497,2461,4
"816","Favola",1951,2159,1626,5
"817","Giallo",1951,1393,2074,5
"818","Guerra",1951,1150,1585,20
"819","Horror",1951,2266,2285,1
"820","Musicale",1951,1525,1377,26
"821","Muto",1951,2482,2498,1
"822","Noir",1951,213,699,2
"823","Poliziesco",1951,1023,1565,22
"824","Religioso",1951,2250,1425,4
"825","Sentimentale",1951,925,1121,13
"826","Storico",1951,1229,1924,8
"827","Thriller",1951,1879,2507,8
"828","Western",1951,2091,1817,22
"829","Animazione",1952,1779,1563,3
"830","Avventura",1952,1874,1390,75
"831","Azione",1952,2004,2040,3
"832","Biografico",1952,2046,1438,11
"833","Comico",1952,1178,1397,23
"834","Commedia",1952,1202,1296,102
"835","Commedia drammatica",1952,1502,2286,1
"836","Documentario",1952,2260,2410,13
"837","Drammatico",1952,1063,1362,192
"838","Family",1952,2503,2081,3
"839","Fantascienza",1952,2148,2287,1
"840","Fantasy",1952,2146,1844,7
"841","Favola",1952,2053,2462,2
"842","Film a episodi",1952,2050,2528,1
"843","Giallo",1952,2056,1982,5
"844","Guerra",1952,2006,1210,14
"845","Horror",1952,2372,2288,1
"846","Musicale",1952,821,1123,22
"847","Noir",1952,1450,2499,1
"848","Poliziesco",1952,1683,2105,17
"849","Religioso",1952,1983,597,2
"850","Sentimentale",1952,687,845,17
"851","Sportivo",1952,2477,2077,1
"852","Storico",1952,1463,1575,7
"853","Thriller",1952,945,1366,14
"854","Western",1952,1266,1618,36
"855","Animazione",1953,243,189,2
"856","Avventura",1953,1539,1122,89
"857","Biografico",1953,2036,1124,10
"858","Comico",1953,1518,1297,17
"859","Commedia",1953,1216,1398,128
"860","Documentario",1953,1411,1602,29
"861","Drammatico",1953,887,1488,178
"862","Family",1953,2249,1888,2
"863","Fantascienza",1953,358,1424,9
"864","Fantasy",1953,1548,2463,2
"865","Favola",1953,1995,1548,1
"866","Giallo",1953,1632,2480,4
"867","Guerra",1953,1897,1459,22
"868","Horror",1953,1739,2289,1
"869","Musicale",1953,1988,1467,32
"870","Muto",1953,2264,2290,1
"871","Poliziesco",1953,1474,1860,22
"872","Religioso",1953,1470,988,6
"873","Sentimentale",1953,880,1100,18
"874","Storico",1953,1438,1166,11
"875","Thriller",1953,1344,1654,7
"876","Western",1953,1467,1430,33
"877","Animazione",1954,1339,1580,5
"878","Avventura",1954,1697,1372,84
"879","Azione",1954,8,370,1
"880","Biografico",1954,2203,545,7
"881","Comico",1954,2007,855,19
"882","Commedia",1954,1674,1023,100
"883","Documentario",1954,2273,1738,21
"884","Drammatico",1954,926,1317,161
"885","Family",1954,2466,2291,2
"886","Fantascienza",1954,204,1001,5
"887","Fantasy",1954,2057,1996,1
"888","Favola",1954,2373,2292,1
"889","Giallo",1954,1661,2470,7
"890","Guerra",1954,1387,1419,13
"891","Horror",1954,2178,2433,1
"892","Musicale",1954,1442,1110,32
"893","Noir",1954,1760,2518,2
"894","Poliziesco",1954,1834,1865,27
"895","Religioso",1954,1771,285,2
"896","Sentimentale",1954,979,1171,23
"897","Storico",1954,256,1439,12
"898","Thriller",1954,117,552,7
"899","Western",1954,1102,1668,36
"900","Animazione",1955,500,941,4
"901","Avventura",1955,1775,1547,68
"902","Azione",1955,302,2028,2
"903","Biografico",1955,1505,876,7
"904","Comico",1955,1477,1471,18
"905","Commedia",1955,1733,1484,115
"906","Documentario",1955,1158,1762,27
"907","Drammatico",1955,1292,1426,195
"908","Family",1955,2116,2293,2
"909","Fantascienza",1955,1072,1447,8
"910","Fantasy",1955,2164,2294,1
"911","Favola",1955,1863,1558,2
"912","Giallo",1955,1194,1028,8
"913","Guerra",1955,1565,1619,20
"914","Horror",1955,1243,1204,2
"915","Musical",1955,2186,2295,1
"916","Musicale",1955,1699,1431,30
"917","Muto",1955,2288,2434,1
"918","Noir",1955,899,1055,2
"919","Parodia",1955,2040,1491,1
"920","Poliziesco",1955,1235,1665,34
"921","Religioso",1955,2128,2406,2
"922","Sentimentale",1955,1274,993,30
"923","Storico",1955,1629,1103,17
"924","Thriller",1955,736,830,6
"925","Western",1955,1170,1499,45
"926","Animazione",1956,2390,2110,2
"927","Avventura",1956,1355,1167,61
"928","Biografico",1956,1230,760,9
"929","Comico",1956,2027,926,21
"930","Commedia",1956,1503,1299,118
"931","Documentario",1956,1056,1936,20
"932","Drammatico",1956,1275,1269,176
"933","Family",1956,2478,2296,1
"934","Fantascienza",1956,977,1389,16
"935","Fantasy",1956,1120,1409,4
"936","Favola",1956,2456,2297,1
"937","Giallo",1956,2111,2469,8
"938","Guerra",1956,1787,1823,25
"939","Horror",1956,873,1199,5
"940","Musicale",1956,1871,1722,27
"941","Poliziesco",1956,2082,2408,24
"942","Religioso",1956,1891,2298,1
"943","Sentimentale",1956,1975,1587,18
"944","Sociologico",1956,2537,1520,1
"945","Sperimentale",1956,2538,2299,1
"946","Storico",1956,1999,1897,4
"947","Thriller",1956,995,1279,7
"948","Western",1956,1480,1684,53
"949","Animazione",1957,607,1900,12
"950","Avventura",1957,1943,1418,55
"951","Biografico",1957,1554,917,10
"952","Comico",1957,2047,1743,21
"953","Commedia",1957,1684,1480,111
"954","Cortometraggio",1957,1489,2300,1
"955","Documentario",1957,2191,1834,28
"956","Drammatico",1957,878,1386,195
"957","Family",1957,2098,1640,7
"958","Fantascienza",1957,1495,1960,19
"959","Fantasy",1957,476,530,6
"960","Giallo",1957,746,1142,8
"961","Guerra",1957,679,912,25
"962","Horror",1957,1058,2519,4
"963","Musicale",1957,803,1407,27
"964","Noir",1957,876,1918,3
"965","Poliziesco",1957,1914,2025,31
"966","Religioso",1957,1996,2301,1
"967","Sentimentale",1957,1137,1344,40
"968","Storico",1957,1981,1470,4
"969","Thriller",1957,898,2412,4
"970","Western",1957,1078,1793,59
"971","Animazione",1958,468,1658,6
"972","Avventura",1958,1100,1339,64
"973","Biografico",1958,299,1629,6
"974","Comico",1958,2054,1359,27
"975","Commedia",1958,1410,1118,114
"976","Cortometraggio",1958,1726,2302,1
"977","Documentario",1958,1356,1571,33
"978","Drammatico",1958,1187,1354,174
"979","Erotico",1958,2463,646,1
"980","Family",1958,1714,2303,1
"981","Fantascienza",1958,1313,1800,20
"982","Fantasy",1958,1119,896,6
"983","Favola",1958,1203,1678,3
"984","Giallo",1958,181,669,5
"985","Guerra",1958,696,1609,33
"986","Horror",1958,1157,1828,15
"987","Musicale",1958,1591,1382,15
"988","Poliziesco",1958,1146,746,31
"989","Religioso",1958,2230,1330,2
"990","Sentimentale",1958,1794,1104,27
"991","Storico",1958,2123,1107,10
"992","Thriller",1958,386,881,10
"993","Western",1958,1703,1449,48
"994","Animazione",1959,967,933,18
"995","Avventura",1959,1052,1019,64
"996","Azione",1959,13,244,2
"997","Biografico",1959,1850,1433,5
"998","Comico",1959,1583,1226,28
"999","Commedia",1959,1270,752,106
"1000","Documentario",1959,1567,1211,21
"1001","Drammatico",1959,978,787,146
"1002","Erotico",1959,2163,1085,3
"1003","Eventi",1959,2172,1474,1
"1004","Family",1959,1320,1927,2
"1005","Fantascienza",1959,1670,1735,16
"1006","Fantasy",1959,168,1415,3
"1007","Giallo",1959,1268,2112,8
"1008","Guerra",1959,1357,563,36
"1009","Horror",1959,769,1365,10
"1010","Musicale",1959,2000,1477,14
"1011","Poliziesco",1959,1445,1944,36
"1012","Religioso",1959,2140,1730,1
"1013","Sentimentale",1959,762,860,24
"1014","Storico",1959,1855,1145,14
"1015","Thriller",1959,396,971,10
"1016","Western",1959,1354,1336,28
"1017","Animazione",1960,1780,1441,10
"1018","Avventura",1960,1476,1564,57
"1019","Azione",1960,2247,2304,3
"1020","Biografico",1960,1799,1929,5
"1021","Comico",1960,1920,1215,29
"1022","Commedia",1960,1294,1016,115
"1023","Documentario",1960,1790,1933,26
"1024","Drammatico",1960,1077,1162,183
"1025","Erotico",1960,2149,2305,1
"1026","Family",1960,1494,1583,3
"1027","Fantascienza",1960,1164,1053,14
"1028","Fantasy",1960,1514,1620,5
"1029","Favola",1960,1064,951,2
"1030","Giallo",1960,1428,1505,23
"1031","Guerra",1960,1757,1182,24
"1032","Horror",1960,251,780,14
"1033","Musicale",1960,1749,1507,13
"1034","Poliziesco",1960,1302,1965,28
"1035","Religioso",1960,1815,751,1
"1036","Sentimentale",1960,972,1435,17
"1037","Storico",1960,747,772,21
"1038","Thriller",1960,196,659,10
"1039","Western",1960,1053,1082,19
"1040","Animazione",1961,809,1057,12
"1041","Avventura",1961,862,1391,77
"1042","Azione",1961,697,977,1
"1043","Biografico",1961,2281,1436,5
"1044","Comico",1961,1952,883,38
"1045","Commedia",1961,1408,898,108
"1046","Documentario",1961,2158,1962,49
"1047","Drammatico",1961,1081,1051,160
"1048","Erotico",1961,2396,1849,3
"1049","Family",1961,1542,1337,6
"1050","Fantascienza",1961,1597,1493,11
"1051","Fantastico",1961,2139,2533,2
"1052","Fantasy",1961,1844,2063,4
"1053","Film a episodi",1961,2394,2407,2
"1054","Giallo",1961,1094,1457,30
"1055","Guerra",1961,1365,1271,24
"1056","Horror",1961,1351,1723,7
"1057","Musicale",1961,927,1217,12
"1058","Muto",1961,2243,2306,1
"1059","Noir",1961,1524,2532,2
"1060","Poliziesco",1961,2051,1256,20
"1061","Religioso",1961,1562,952,4
"1062","Sentimentale",1961,774,895,29
"1063","Storico",1961,1073,932,17
"1064","Thriller",1961,2218,2475,8
"1065","Western",1961,1458,1660,19
"1066","Animazione",1962,2009,2413,8
"1067","Arti-marziali",1962,461,1700,1
"1068","Avventura",1962,1179,1240,80
"1069","Azione",1962,2485,1350,2
"1070","Biografico",1962,1888,684,6
"1071","Comico",1962,2019,1216,68
"1072","Commedia",1962,1712,1343,155
"1073","Documentario",1962,2106,1582,34
"1074","Drammatico",1962,984,1035,180
"1075","Erotico",1962,1967,1691,7
"1076","Family",1962,1998,1246,4
"1077","Fantascienza",1962,1465,1728,7
"1078","Fantasy",1962,971,831,4
"1079","Giallo",1962,1942,1680,27
"1080","Guerra",1962,731,1027,26
"1081","Horror",1962,1082,1401,13
"1082","Musicale",1962,1419,1964,10
"1083","Muto",1962,2429,2307,1
"1084","Poliziesco",1962,1669,1615,18
"1085","Religioso",1962,1668,1141,4
"1086","Sentimentale",1962,1079,1070,18
"1087","Storico",1962,1568,1139,19
"1088","Thriller",1962,417,943,8
"1089","Western",1962,1035,1361,22
"1090","Animazione",1963,770,809,8
"1091","Avventura",1963,1677,1492,76
"1092","Azione",1963,652,833,2
"1093","Biografico",1963,1623,2464,1
"1094","Comico",1963,1756,1254,34
"1095","Commedia",1963,1253,1201,155
"1096","Commedia drammatica",1963,1803,2386,3
"1097","Documentario",1963,2180,1663,52
"1098","Drammatico",1963,1091,990,128
"1099","Erotico",1963,2279,1427,17
"1100","Family",1963,793,1011,3
"1101","Fantascienza",1963,1532,1490,5
"1102","Fantastico",1963,2235,924,1
"1103","Fantasy",1963,2352,2481,2
"1104","Fiabesco",1963,1747,1701,1
"1105","Giallo",1963,1144,1437,26
"1106","Guerra",1963,698,664,18
"1107","Horror",1963,1204,1360,17
"1108","Musicale",1963,1070,1595,11
"1109","Poliziesco",1963,1909,1815,20
"1110","Religioso",1963,1885,2435,1
"1111","Sentimentale",1963,1233,1021,12
"1112","Storico",1963,1461,1241,12
"1113","Thriller",1963,492,681,10
"1114","Western",1963,1948,1569,17
"1115","Animazione",1964,2197,1628,8
"1116","Avventura",1964,1451,1345,89
"1117","Azione",1964,295,738,4
"1118","Biografico",1964,2275,2308,1
"1119","Comico",1964,1947,1324,51
"1120","Commedia",1964,1026,1200,127
"1121","Commedia drammatica",1964,2104,2500,1
"1122","Cortometraggio",1964,1218,2309,1
"1123","Documentario",1964,2204,1190,29
"1124","Drammatico",1964,1213,1326,140
"1125","Erotico",1964,2277,861,8
"1126","Family",1964,1923,1737,5
"1127","Fantascienza",1964,1165,1495,7
"1128","Fantastico",1964,1802,2310,1
"1129","Fantasy",1964,395,317,4
"1130","Giallo",1964,1564,1740,25
"1131","Guerra",1964,379,875,18
"1132","Horror",1964,1430,1331,20
"1133","Musicale",1964,763,768,10
"1134","Noir",1964,2321,2311,1
"1135","Poliziesco",1964,1796,1733,13
"1136","Religioso",1964,2410,414,1
"1137","Sentimentale",1964,1580,1134,22
"1138","Storico",1964,1437,1000,13
"1139","Thriller",1964,795,1222,16
"1140","Western",1964,1124,1045,46
"1141","Animazione",1965,1982,2002,12
"1142","Avventura",1965,1291,1370,66
"1143","Azione",1965,1101,596,1
"1144","Biografico",1965,1686,739,6
"1145","Comico",1965,2072,1455,44
"1146","Commedia",1965,1166,1148,97
"1147","Documentario",1965,2108,1659,25
"1148","Drammatico",1965,1301,1253,134
"1149","Erotico",1965,2290,1475,2
"1150","Family",1965,1826,1506,7
"1151","Fantascienza",1965,1448,1358,15
"1152","Fantasy",1965,1655,938,4
"1153","Favola",1965,2407,1183,1
"1154","Giallo",1965,1289,1146,14
"1155","Guerra",1965,1284,1404,15
"1156","Horror",1965,1509,1781,10
"1157","Musicale",1965,749,644,15
"1158","Muto",1965,2223,2436,1
"1159","Poliziesco",1965,1880,2471,9
"1160","Religioso",1965,1297,874,5
"1161","Sentimentale",1965,1278,1088,23
"1162","Storico",1965,866,804,8
"1163","Thriller",1965,996,1818,41
"1164","Western",1965,1169,1064,66
"1165","Animazione",1966,57,1714,10
"1166","Arti-marziali",1966,1403,701,1
"1167","Avventura",1966,1431,1396,46
"1168","Azione",1966,70,336,6
"1169","Biografico",1966,1889,201,1
"1170","Comico",1966,1651,1242,51
"1171","Commedia",1966,1530,1052,114
"1172","Documentario",1966,1107,1682,18
"1173","Drammatico",1966,852,1075,132
"1174","Fantascienza",1966,374,1050,16
"1175","Fantasy",1966,1688,1098,5
"1176","Favola",1966,45,2312,2
"1177","Giallo",1966,791,1364,25
"1178","Guerra",1966,1698,1588,15
"1179","Horror",1966,1640,1469,15
"1180","Musical",1966,2322,2313,1
"1181","Musicale",1966,563,1266,10
"1182","Muto",1966,2049,2314,1
"1183","Parodia",1966,2529,1521,1
"1184","Poliziesco",1966,1837,1832,15
"1185","Religioso",1966,1227,1889,1
"1186","Sentimentale",1966,2105,1346,23
"1187","Storico",1966,949,365,9
"1188","Thriller",1966,1517,1561,65
"1189","Western",1966,383,922,68
"1190","Animazione",1967,212,634,14
"1191","Arti-marziali",1967,1857,1294,3
"1192","Avventura",1967,1257,985,84
"1193","Azione",1967,41,551,4
"1194","Biografico",1967,2060,2315,2
"1195","Comico",1967,1731,1248,27
"1196","Commedia",1967,989,1136,157
"1197","Documentario",1967,1846,1608,17
"1198","Drammatico",1967,931,1170,173
"1199","Erotico",1967,1376,1903,2
"1200","Family",1967,1882,1651,4
"1201","Fantascienza",1967,1412,1677,16
"1202","Fantasy",1967,327,1160,5
"1203","Favola",1967,1022,754,1
"1204","Giallo",1967,1736,1591,34
"1205","Guerra",1967,1251,1203,24
"1206","Horror",1967,1103,1032,6
"1207","Musicale",1967,1744,1258,30
"1208","Noir",1967,2514,2316,1
"1209","Poliziesco",1967,709,1076,15
"1210","Sentimentale",1967,589,696,19
"1211","Spionaggio",1967,2541,2317,1
"1212","Storico",1967,1595,1880,3
"1213","Thriller",1967,1162,1787,49
"1214","Western",1967,1414,1320,121
"1215","",1968,1895,2318,1
"1216","Animazione",1968,732,1155,11
"1217","Arti-marziali",1968,2064,1126,4
"1218","Avventura",1968,1847,1316,40
"1219","Biografico",1968,957,2095,1
"1220","Comico",1968,1496,858,25
"1221","Commedia",1968,1222,1091,138
"1222","Commedia drammatica",1968,1579,2055,2
"1223","Documentario",1968,1953,1770,32
"1224","Drammatico",1968,1307,1097,187
"1225","Erotico",1968,2404,1335,7
"1226","Family",1968,1498,1033,3
"1227","Fantascienza",1968,235,510,14
"1228","Fantasy",1968,997,1381,5
"1229","Giallo",1968,1664,1690,24
"1230","Guerra",1968,1434,918,30
"1231","Horror",1968,723,1301,9
"1232","Musicale",1968,816,1165,12
"1233","Muto",1968,2173,2319,1
"1234","Poliziesco",1968,1234,1281,18
"1235","Religioso",1968,2349,2320,1
"1236","Sentimentale",1968,1391,1405,8
"1237","Sociologico",1968,1903,2529,1
"1238","Storico",1968,1886,1263,6
"1239","Thriller",1968,761,825,20
"1240","Western",1968,1117,1077,78
"1241","Animazione",1969,1099,1163,5
"1242","Arti-marziali",1969,2287,1570,5
"1243","Avventura",1969,1018,1037,42
"1244","Azione",1969,528,792,6
"1245","Biografico",1969,2487,1067,1
"1246","Comico",1969,1544,910,16
"1247","Commedia",1969,1423,1089,135
"1248","Documentario",1969,2153,1744,36
"1249","Drammatico",1969,1254,1125,188
"1250","Erotico",1969,1985,1371,11
"1251","Family",1969,2227,1061,1
"1252","Fantascienza",1969,1648,1649,13
"1253","Fantasy",1969,1675,1274,5
"1254","Giallo",1969,1607,1422,31
"1255","Guerra",1969,1299,1017,26
"1256","Horror",1969,1615,1387,12
"1257","Musicale",1969,1643,1235,10
"1258","Muto",1969,2208,2321,1
"1259","Parodia",1969,2244,2322,1
"1260","Poliziesco",1969,1700,1080,14
"1261","Religioso",1969,2501,2323,1
"1262","Sentimentale",1969,1378,1232,5
"1263","Storico",1969,1296,387,7
"1264","Thriller",1969,1201,1161,12
"1265","Western",1969,666,1138,36
"1266","Animazione",1970,735,322,6
"1267","Arti-marziali",1970,2189,889,6
"1268","Avventura",1970,1613,1322,41
"1269","Azione",1970,1910,1719,2
"1270","Biografico",1970,2070,1522,1
"1271","Comico",1970,1829,826,19
"1272","Commedia",1970,1418,1144,133
"1273","Documentario",1970,824,1710,32
"1274","Drammatico",1970,1337,1154,197
"1275","Erotico",1970,2087,1741,17
"1276","Family",1970,750,2099,2
"1277","Fantascienza",1970,1005,1612,5
"1278","Fantastico",1970,1934,2324,1
"1279","Fantasy",1970,1440,1672,7
"1280","Favola",1970,1285,1127,1
"1281","Giallo",1970,1123,1411,16
"1282","Guerra",1970,904,744,30
"1283","Horror",1970,1512,1264,27
"1284","Musicale",1970,1055,1277,8
"1285","Noir",1970,1949,1797,2
"1286","Poliziesco",1970,1492,1605,12
"1287","Porno",1970,2436,188,1
"1288","Sentimentale",1970,2068,1180,15
"1289","Storico",1970,1332,688,9
"1290","Thriller",1970,1217,921,10
"1291","Western",1970,1501,1093,50
"1292","Animazione",1971,1491,1969,6
"1293","Arti-marziali",1971,1558,1185,20
"1294","Avventura",1971,1754,1272,38
"1295","Azione",1971,1267,1287,3
"1296","Biografico",1971,1732,1106,2
"1297","Comico",1971,1926,1487,31
"1298","Commedia",1971,1322,1340,117
"1299","Documentario",1971,1831,1546,28
"1300","Drammatico",1971,928,1038,190
"1301","Erotico",1971,2215,1578,20
"1302","Family",1971,1685,2325,1
"1303","Fantascienza",1971,982,1276,15
"1304","Fantasy",1971,275,506,4
"1305","Favola",1971,1960,2545,2
"1306","Giallo",1971,1622,1286,48
"1307","Guerra",1971,1575,1288,8
"1308","Horror",1971,1328,1622,41
"1309","Musicale",1971,990,1303,7
"1310","Noir",1971,893,2073,3
"1311","Poliziesco",1971,807,1149,25
"1312","Porno",1971,1835,446,1
"1313","Religioso",1971,1232,222,1
"1314","Sentimentale",1971,2024,991,18
"1315","Storico",1971,1540,927,4
"1316","Thriller",1971,741,832,12
"1317","Western",1971,1644,1225,67
"1318","Animazione",1972,2199,1977,9
"1319","Arti-marziali",1972,1508,734,33
"1320","Avventura",1972,1343,1351,40
"1321","Azione",1972,415,450,6
"1322","Biografico",1972,1368,1669,15
"1323","Comico",1972,1930,1448,40
"1324","Commedia",1972,1361,1143,114
"1325","Documentario",1972,1106,1432,27
"1326","Drammatico",1972,797,984,219
"1327","Erotico",1972,1421,967,43
"1328","Family",1972,2023,459,4
"1329","Fantascienza",1972,756,1293,10
"1330","Fantasy",1972,1843,1494,9
"1331","Favola",1972,1902,873,2
"1332","Giallo",1972,1523,1327,33
"1333","Guerra",1972,2085,2085,6
"1334","Horror",1972,1126,1577,31
"1335","Musicale",1972,932,1094,11
"1336","Noir",1972,685,791,3
"1337","Poliziesco",1972,153,522,23
"1338","Sentimentale",1972,1654,2466,11
"1339","Storico",1972,909,762,6
"1340","Thriller",1972,482,1078,20
"1341","Western",1972,1374,1410,74
"1342","Animazione",1973,839,930,9
"1343","Arti-marziali",1973,939,749,12
"1344","Avventura",1973,1563,1369,75
"1345","Azione",1973,409,383,3
"1346","Biografico",1973,1071,983,3
"1347","Comico",1973,2262,1498,43
"1348","Commedia",1973,1156,989,124
"1349","Documentario",1973,1561,1630,27
"1350","Drammatico",1973,1086,1112,237
"1351","Erotico",1973,2021,1416,41
"1352","Family",1973,2030,1352,2
"1353","Fantascienza",1973,848,1164,15
"1354","Fantastico",1973,1634,740,1
"1355","Fantasy",1973,1015,1169,10
"1356","Favola",1973,740,577,4
"1357","Giallo",1973,1401,1610,23
"1358","Grottesco",1973,2323,2546,1
"1359","Guerra",1973,2109,1656,6
"1360","Horror",1973,627,850,26
"1361","Musicale",1973,840,900,9
"1362","Noir",1973,2491,1214,1
"1363","Politico",1973,2231,2326,1
"1364","Poliziesco",1973,707,1081,34
"1365","Porno",1973,2542,702,1
"1366","Religioso",1973,782,1111,3
"1367","Sentimentale",1973,2005,1590,14
"1368","Storico",1973,1252,851,5
"1369","Thriller",1973,798,1219,21
"1370","Western",1973,1182,1034,22
"1371","Animazione",1974,1798,1333,10
"1372","Arti-marziali",1974,2031,2476,8
"1373","Avventura",1974,1555,1559,44
"1374","Azione",1974,888,1151,6
"1375","Biografico",1974,1007,1158,13
"1376","Comico",1974,905,761,34
"1377","Commedia",1974,1464,869,124
"1378","Documentario",1974,1701,1443,36
"1379","Drammatico",1974,958,1135,219
"1380","Erotico",1974,2184,980,68
"1381","Family",1974,857,1236,8
"1382","Fantascienza",1974,1370,1179,12
"1383","Fantastico",1974,2026,2530,1
"1384","Fantasy",1974,1083,1308,13
"1385","Favola",1974,2402,1523,1
"1386","Giallo",1974,784,1073,34
"1387","Guerra",1974,2150,1921,2
"1388","Horror",1974,911,1108,22
"1389","Musicale",1974,216,1153,4
"1390","Parodia",1974,90,266,3
"1391","Poliziesco",1974,608,878,23
"1392","Religioso",1974,2398,1310,2
"1393","Sentimentale",1974,1155,1395,10
"1394","Storico",1974,1961,413,3
"1395","Thriller",1974,438,729,17
"1396","Western",1974,874,1109,16
"1397","Animazione",1975,531,1653,9
"1398","Arti-marziali",1975,2258,1024,5
"1399","Avventura",1975,631,1265,40
"1400","Azione",1975,1358,2059,7
"1401","Biografico",1975,1842,1278,6
"1402","Comico",1975,1627,911,26
"1403","Commedia",1975,619,741,102
"1404","Documentario",1975,1782,1540,32
"1405","Drammatico",1975,772,966,204
"1406","Erotico",1975,2073,1018,68
"1407","Family",1975,1858,1208,3
"1408","Fantascienza",1975,660,536,10
"1409","Fantasy",1975,138,1468,6
"1410","Giallo",1975,1601,770,27
"1411","Grottesco",1975,1531,1890,1
"1412","Guerra",1975,683,547,9
"1413","Horror",1975,663,434,15
"1414","Musicale",1975,632,486,8
"1415","Muto",1975,785,2327,1
"1416","Poliziesco",1975,759,1311,32
"1417","Porno",1975,2214,666,1
"1418","Religioso",1975,2259,1702,2
"1419","Sentimentale",1975,767,568,12
"1420","Sitcom",1975,2088,1128,1
"1421","Storico",1975,1853,1342,9
"1422","Thriller",1975,674,1005,18
"1423","Western",1975,1550,1402,19
"1424","Animazione",1976,1248,1368,4
"1425","Arti-marziali",1976,2351,1238,7
"1426","Avventura",1976,871,1152,46
"1427","Azione",1976,250,1385,7
"1428","Biografico",1976,1620,1022,12
"1429","Comico",1976,1515,256,18
"1430","Commedia",1976,1385,1086,130
"1431","Documentario",1976,1404,1454,41
"1432","Drammatico",1976,672,905,191
"1433","Erotico",1976,1911,882,95
"1434","Family",1976,1865,1891,2
"1435","Fantascienza",1976,1345,1485,13
"1436","Fantasy",1976,293,1120,8
"1437","Favola",1976,2083,1349,2
"1438","Giallo",1976,1121,808,25
"1439","Guerra",1976,1075,769,6
"1440","Hard boiled",1976,2490,2328,1
"1441","Horror",1976,639,863,16
"1442","Musical",1976,2188,1524,1
"1443","Musicale",1976,1612,1641,8
"1444","Muto",1976,2374,2329,1
"1445","Parodia",1976,1468,2330,1
"1446","Poliziesco",1976,1600,1234,36
"1447","Porno",1976,1603,227,1
"1448","Religioso",1976,1011,428,3
"1449","Sentimentale",1976,1808,1137,15
"1450","Storico",1976,1331,660,7
"1451","Thriller",1976,1062,1451,26
"1452","Western",1976,879,886,11
"1453","Animazione",1977,953,1300,11
"1454","Arti-marziali",1977,2192,2098,6
"1455","Avventura",1977,404,674,44
"1456","Azione",1977,102,477,14
"1457","Biografico",1977,1805,909,8
"1458","Comico",1977,1059,1601,12
"1459","Commedia",1977,1028,1048,84
"1460","Documentario",1977,1676,1796,20
"1461","Drammatico",1977,1159,939,165
"1462","Erotico",1977,1262,1252,77
"1463","Family",1977,921,1754,4
"1464","Fantascienza",1977,64,389,14
"1465","Fantasy",1977,61,364,10
"1466","Favola",1977,1881,724,3
"1467","Giallo",1977,1314,1850,15
"1468","Guerra",1977,820,819,9
"1469","Horror",1977,764,711,13
"1470","Musicale",1977,836,733,8
"1471","Noir",1977,2248,1574,2
"1472","Politico",1977,2539,2539,1
"1473","Poliziesco",1977,1657,1259,26
"1474","Religioso",1977,1237,2331,1
"1475","Sentimentale",1977,588,871,16
"1476","Storico",1977,938,996,7
"1477","Thriller",1977,701,1168,23
"1478","Western",1977,1487,1458,8
"1479","Animazione",1978,574,1150,13
"1480","Arti-marziali",1978,1366,936,7
"1481","Avventura",1978,1527,1221,27
"1482","Azione",1978,440,604,5
"1483","Biografico",1978,1602,1079,7
"1484","Comico",1978,1375,1175,13
"1485","Commedia",1978,1088,866,85
"1486","Documentario",1978,2063,1644,27
"1487","Drammatico",1978,1045,884,166
"1488","Erotico",1978,1250,1029,60
"1489","Family",1978,1280,1314,4
"1490","Fantascienza",1978,999,1465,15
"1491","Fantastico",1978,39,2506,2
"1492","Fantasy",1978,484,812,6
"1493","Favola",1978,2160,1486,4
"1494","Giallo",1978,1127,1355,19
"1495","Guerra",1978,447,586,11
"1496","Horror",1978,369,622,10
"1497","Musicale",1978,613,426,12
"1498","Parodia",1978,1904,2332,1
"1499","Poliziesco",1978,1546,1230,25
"1500","Porno",1978,1764,250,1
"1501","Religioso",1978,2324,1997,1
"1502","Sentimentale",1978,538,402,9
"1503","Storico",1978,1761,788,6
"1504","Thriller",1978,546,1049,20
"1505","Western",1978,1718,1380,7
"1506","Animazione",1979,1381,1012,11
"1507","Arti-marziali",1979,1955,1260,13
"1508","Avventura",1979,478,692,27
"1509","Azione",1979,128,509,9
"1510","Biografico",1979,1976,1020,7
"1511","Comico",1979,1553,1087,23
"1512","Commedia",1979,790,972,105
"1513","Documentario",1979,2122,1829,19
"1514","Drammatico",1979,636,923,176
"1515","Erotico",1979,2217,797,59
"1516","Family",1979,1338,1761,4
"1517","Fantascienza",1979,101,420,13
"1518","Fantasy",1979,1316,998,6
"1519","Favola",1979,1792,665,1
"1520","Giallo",1979,1628,1687,11
"1521","Guerra",1979,156,591,8
"1522","Horror",1979,122,463,12
"1523","Musicale",1979,1263,968,18
"1524","Poliziesco",1979,1872,1413,16
"1525","Religioso",1979,1974,1801,3
"1526","Sentimentale",1979,457,1071,22
"1527","Storico",1979,1113,1739,4
"1528","Thriller",1979,173,457,14
"1529","Western",1979,1405,836,10
"1530","Animazione",1980,1958,1633,6
"1531","Arti-marziali",1980,1484,1039,3
"1532","Avventura",1980,337,707,33
"1533","Azione",1980,66,304,10
"1534","Biografico",1980,247,537,6
"1535","Comico",1980,804,822,20
"1536","Commedia",1980,1087,790,112
"1537","Documentario",1980,1148,1863,22
"1538","Drammatico",1980,935,1046,138
"1539","Erotico",1980,2090,629,21
"1540","Family",1980,1549,1525,2
"1541","Fantascienza",1980,141,608,15
"1542","Fantasy",1980,549,913,7
"1543","Favola",1980,2495,2333,1
"1544","Giallo",1980,1528,1406,6
"1545","Guerra",1980,991,1233,8
"1546","Horror",1980,350,575,28
"1547","Musicale",1980,1241,465,16
"1548","Noir",1980,2174,907,1
"1549","Parodia",1980,20,519,1
"1550","Poliziesco",1980,673,1466,17
"1551","Porno",1980,585,302,1
"1552","Religioso",1980,2375,2334,1
"1553","Sentimentale",1980,1395,942,12
"1554","Storico",1980,822,1325,3
"1555","Thriller",1980,240,452,19
"1556","Western",1980,1455,880,2
"1557","Animazione",1981,656,1399,8
"1558","Arti-marziali",1981,1868,693,3
"1559","Avventura",1981,282,709,21
"1560","Azione",1981,485,439,4
"1561","Biografico",1981,2032,1305,8
"1562","Comico",1981,1380,945,16
"1563","Commedia",1981,1441,815,97
"1564","Documentario",1981,2020,1341,19
"1565","Documentario musicale",1981,2254,1526,1
"1566","Drammatico",1981,964,931,137
"1567","Erotico",1981,2029,805,12
"1568","Family",1981,1969,2520,2
"1569","Fantascienza",1981,1074,1132,5
"1570","Fantasy",1981,571,606,7
"1571","Favola",1981,2434,1244,6
"1572","Giallo",1981,1050,976,12
"1573","Guerra",1981,2257,934,5
"1574","Horror",1981,644,856,28
"1575","Musicale",1981,1679,1904,8
"1576","Noir",1981,1061,1129,1
"1577","Poliziesco",1981,1105,960,6
"1578","Porno",1981,2015,165,2
"1579","Sentimentale",1981,1363,598,10
"1580","Storico",1981,2181,2479,3
"1581","Thriller",1981,565,1189,20
"1582","Western",1981,1687,853,2
"1583","Animazione",1982,818,802,9
"1584","Arti-marziali",1982,1259,1116,5
"1585","Avventura",1982,1167,1133,39
"1586","Azione",1982,145,320,13
"1587","Biografico",1982,2147,513,4
"1588","Comico",1982,1715,793,11
"1589","Commedia",1982,1042,916,145
"1590","Documentario",1982,2096,1428,16
"1591","Drammatico",1982,1001,959,162
"1592","Erotico",1982,708,887,4
"1593","Family",1982,1763,1527,1
"1594","Fantascienza",1982,95,310,18
"1595","Fantasy",1982,382,431,12
"1596","Favola",1982,1125,1105,4
"1597","Giallo",1982,918,974,14
"1598","Guerra",1982,1279,360,1
"1599","Hard",1982,2276,2335,1
"1600","Horror",1982,521,821,25
"1601","Musicale",1982,1019,950,14
"1602","Muto",1982,2473,2336,1
"1603","Noir",1982,2093,2521,2
"1604","Parodia",1982,2238,2337,1
"1605","Poliziesco",1982,969,1290,11
"1606","Religioso",1982,1935,806,1
"1607","Sentimentale",1982,1334,908,8
"1608","Storico",1982,451,349,4
"1609","Thriller",1982,303,1004,20
"1610","Western",1982,1907,2338,2
"1611","Animazione",1983,1220,687,3
"1612","Arti-marziali",1983,2479,1998,1
"1613","Avventura",1983,359,613,36
"1614","Azione",1983,76,469,8
"1615","Biografico",1983,1641,1831,5
"1616","Comico",1983,1618,539,3
"1617","Commedia",1983,1029,789,159
"1618","Documentario",1983,1420,1239,15
"1619","Drammatico",1983,831,786,157
"1620","Erotico",1983,2120,350,11
"1621","Family",1983,1176,1759,2
"1622","Fantascienza",1983,110,473,12
"1623","Fantastico",1983,10,2339,1
"1624","Fantasy",1983,710,1334,11
"1625","Favola",1983,414,948,4
"1626","Giallo",1983,1574,1679,8
"1627","Guerra",1983,1153,842,3
"1628","Horror",1983,962,1058,13
"1629","Musicale",1983,1183,708,10
"1630","Parodia",1983,2376,2340,1
"1631","Poliziesco",1983,1184,1356,10
"1632","Porno",1983,2325,238,1
"1633","Sentimentale",1983,937,704,7
"1634","Storico",1983,1825,1675,5
"1635","Thriller",1983,712,703,25
"1636","Western",1983,2377,2341,1
"1637","Animazione",1984,375,535,6
"1638","Arti-marziali",1984,1115,1766,2
"1639","Avventura",1984,433,854,30
"1640","Azione",1984,135,516,19
"1641","Biografico",1984,238,616,1
"1642","Comico",1984,125,409,1
"1643","Commedia",1984,591,726,134
"1644","Documentario",1984,1666,1417,15
"1645","Documentario musicale",1984,865,2342,1
"1646","Drammatico",1984,616,643,146
"1647","Erotico",1984,1956,829,2
"1648","Family",1984,165,311,2
"1649","Fantascienza",1984,336,546,11
"1650","Fantasy",1984,223,398,14
"1651","Favola",1984,2271,2437,1
"1652","Giallo",1984,1317,1101,8
"1653","Guerra",1984,965,1922,3
"1654","Horror",1984,471,750,12
"1655","Musicale",1984,882,774,12
"1656","Noir",1984,2044,2343,1
"1657","Poliziesco",1984,94,1599,10
"1658","Religioso",1984,2175,2501,1
"1659","Sentimentale",1984,649,518,11
"1660","Storico",1984,2202,1720,7
"1661","Thriller",1984,319,753,22
"1662","Animazione",1985,1295,1224,11
"1663","Arti-marziali",1985,959,1036,5
"1664","Avventura",1985,241,356,36
"1665","Azione",1985,559,528,13
"1666","Biografico",1985,864,625,7
"1667","Comico",1985,2012,1908,6
"1668","Commedia",1985,620,564,122
"1669","Documentario",1985,1304,1734,19
"1670","Drammatico",1985,1021,970,158
"1671","Erotico",1985,2294,963,8
"1672","Family",1985,890,1043,6
"1673","Fantascienza",1985,77,241,11
"1674","Fantasy",1985,380,462,23
"1675","Favola",1985,291,1074,3
"1676","Giallo",1985,844,1010,9
"1677","Guerra",1985,614,1102,8
"1678","Horror",1985,629,844,16
"1679","Musicale",1985,1500,828,7
"1680","Poliziesco",1985,1196,835,13
"1681","Sentimentale",1985,771,995,13
"1682","Storico",1985,717,1090,5
"1683","Thriller",1985,780,758,20
"1684","Western",1985,503,633,3
"1685","Animazione",1986,502,273,9
"1686","Arti-marziali",1986,602,1528,2
"1687","Avventura",1986,507,399,35
"1688","Azione",1986,50,525,11
"1689","Biografico",1986,1008,464,7
"1690","Comico",1986,946,782,12
"1691","Commedia",1986,869,849,126
"1692","Documentario",1986,2185,1878,12
"1693","Drammatico",1986,617,642,176
"1694","Erotico",1986,2152,472,8
"1695","Family",1986,249,468,1
"1696","Fantascienza",1986,92,483,7
"1697","Fantastico",1986,2342,584,2
"1698","Fantasy",1986,430,338,23
"1699","Giallo",1986,449,962,10
"1700","Guerra",1986,116,385,4
"1701","Horror",1986,553,1008,25
"1702","Musicale",1986,884,1115,10
"1703","Noir",1986,1069,1755,1
"1704","Parodia",1986,28,956,1
"1705","Poliziesco",1986,664,870,13
"1706","Religioso",1986,1813,233,1
"1707","Sentimentale",1986,975,1041,12
"1708","Storico",1986,947,269,7
"1709","Thriller",1986,675,640,20
"1710","Western",1986,2430,1632,2
"1711","Animazione",1987,1977,2388,7
"1712","Arti-marziali",1987,2131,1231,3
"1713","Avventura",1987,1054,1223,37
"1714","Azione",1987,595,690,21
"1715","Biografico",1987,2284,935,5
"1716","Cofanetto",1987,2520,2344,1
"1717","Comico",1987,860,879,19
"1718","Commedia",1987,837,827,133
"1719","Documentario",1987,1656,1709,23
"1720","Drammatico",1987,843,798,209
"1721","Erotico",1987,2239,492,8
"1722","Family",1987,2142,576,4
"1723","Fantascienza",1987,725,999,5
"1724","Fantasy",1987,572,735,24
"1725","Favola",1987,103,555,4
"1726","Giallo",1987,1647,1423,8
"1727","Guerra",1987,106,403,8
"1728","Horror",1987,542,668,28
"1729","Musicale",1987,1319,1302,9
"1730","Parodia",1987,166,490,2
"1731","Poliziesco",1987,1221,1156,14
"1732","Religioso",1987,2101,1892,1
"1733","Sentimentale",1987,331,489,9
"1734","Storico",1987,2265,1273,6
"1735","Thriller",1987,1049,1096,34
"1736","Animazione",1988,144,335,11
"1737","Arti-marziali",1988,688,1140,4
"1738","Avventura",1988,633,405,25
"1739","Azione",1988,225,783,18
"1740","Biografico",1988,966,594,13
"1741","Comico",1988,930,714,23
"1742","Commedia",1988,699,954,134
"1743","Documentario",1988,1406,1805,17
"1744","Drammatico",1988,948,901,229
"1745","Erotico",1988,2187,814,4
"1746","Family",1988,368,480,5
"1747","Fantascienza",1988,442,1483,11
"1748","Fantastico",1988,1873,1703,1
"1749","Fantasy",1988,363,514,30
"1750","Fiabesco",1988,1625,2502,1
"1751","Film a episodi",1988,2530,2534,1
"1752","Giallo",1988,245,1321,6
"1753","Guerra",1988,1300,1176,5
"1754","Horror",1988,1014,1251,39
"1755","Musicale",1988,1288,890,9
"1756","Poliziesco",1988,713,834,23
"1757","Religioso",1988,1003,1529,1
"1758","Sentimentale",1988,974,736,18
"1759","Storico",1988,828,404,6
"1760","Thriller",1988,454,914,37
"1761","Western",1988,524,2415,2
"1762","Animazione",1989,130,307,14
"1763","Arti-marziali",1989,367,267,1
"1764","Avventura",1989,376,358,24
"1765","Azione",1989,392,637,21
"1766","Biografico",1989,1377,1245,6
"1767","Comico",1989,920,928,19
"1768","Commedia",1989,858,897,117
"1769","Documentario",1989,801,1837,18
"1770","Drammatico",1989,906,759,211
"1771","Erotico",1989,2278,785,7
"1772","Family",1989,391,388,4
"1773","Fantascienza",1989,1000,680,8
"1774","Fantasy",1989,658,357,23
"1775","Favola",1989,2326,2345,1
"1776","Giallo",1989,1043,1026,11
"1777","Guerra",1989,403,813,6
"1778","Horror",1989,704,994,30
"1779","Musicale",1989,1219,1205,5
"1780","Muto",1989,2455,2346,1
"1781","Poliziesco",1989,954,818,21
"1782","Porno",1989,1896,164,1
"1783","Sentimentale",1989,610,766,18
"1784","Storico",1989,1526,763,4
"1785","Thriller",1989,330,743,25
"1786","Animazione",1990,886,778,8
"1787","Arti-marziali",1990,1067,1497,3
"1788","Avventura",1990,883,840,15
"1789","Azione",1990,444,784,27
"1790","Biografico",1990,630,1099,4
"1791","Comico",1990,1205,600,17
"1792","Commedia",1990,721,953,114
"1793","Documentario",1990,1908,1600,14
"1794","Drammatico",1990,727,686,193
"1795","Erotico",1990,1814,570,8
"1796","Family",1990,1096,1172,5
"1797","Fantascienza",1990,1180,1502,9
"1798","Fantasy",1990,313,367,20
"1799","Favola",1990,511,2347,2
"1800","Giallo",1990,1738,1562,9
"1801","Guerra",1990,729,1228,4
"1802","Horror",1990,681,885,24
"1803","Musicale",1990,755,725,4
"1804","Noir",1990,211,521,2
"1805","Poliziesco",1990,786,864,17
"1806","Porno",1990,2378,133,1
"1807","Sentimentale",1990,577,543,14
"1808","Storico",1990,1875,430,2
"1809","Thriller",1990,394,689,36
"1810","Western",1990,112,286,3
"1811","Animazione",1991,355,342,6
"1812","Arti-marziali",1991,986,1040,6
"1813","Avventura",1991,505,496,20
"1814","Azione",1991,155,512,17
"1815","Biografico",1991,941,559,11
"1816","Comico",1991,693,444,16
"1817","Commedia",1991,914,929,126
"1818","Documentario",1991,1384,1763,38
"1819","Drammatico",1991,1033,982,233
"1820","Erotico",1991,745,117,5
"1821","Family",1991,1457,803,2
"1822","Fantascienza",1991,498,1209,4
"1823","Fantasy",1991,569,771,22
"1824","Favola",1991,1534,566,3
"1825","Giallo",1991,942,716,10
"1826","Guerra",1991,1104,382,5
"1827","Horror",1991,702,1429,9
"1828","Musicale",1991,1012,1270,6
"1829","Muto",1991,1672,2348,1
"1830","Noir",1991,1031,422,1
"1831","Poliziesco",1991,800,1378,13
"1832","Sentimentale",1991,1030,730,20
"1833","Storico",1991,1972,1938,5
"1834","Thriller",1991,297,624,37
"1835","Western",1991,2157,1119,3
"1836","Animazione",1992,922,271,15
"1837","Arti-marziali",1992,722,978,5
"1838","Avventura",1992,548,292,24
"1839","Azione",1992,51,672,12
"1840","Biografico",1992,728,590,12
"1841","Comico",1992,520,645,19
"1842","Commedia",1992,819,795,126
"1843","Cortometraggio",1992,2401,1756,2
"1844","Docu-fiction",1992,2504,2349,1
"1845","Documentario",1992,1767,1853,28
"1846","Drammatico",1992,806,817,243
"1847","Erotico",1992,1499,470,6
"1848","Family",1992,2458,1295,2
"1849","Fantascienza",1992,372,731,6
"1850","Fantasy",1992,96,283,18
"1851","Favola",1992,311,366,1
"1852","Giallo",1992,2232,1768,8
"1853","Guerra",1992,226,374,4
"1854","Horror",1992,497,569,16
"1855","Musicale",1992,1416,1181,6
"1856","Noir",1992,2,204,2
"1857","Politico",1992,1838,2350,1
"1858","Poliziesco",1992,1399,969,11
"1859","Psicologico",1992,2176,1291,1
"1860","Religioso",1992,2327,1530,1
"1861","Sentimentale",1992,773,467,18
"1862","Storico",1992,1290,499,6
"1863","Thriller",1992,604,654,39
"1864","Western",1992,27,324,2
"1865","Animazione",1993,504,694,21
"1866","Arti-marziali",1993,1085,1332,3
"1867","Avventura",1993,215,466,17
"1868","Azione",1993,292,661,26
"1869","Biografico",1993,1131,997,11
"1870","Comico",1993,526,742,13
"1871","Commedia",1993,830,888,154
"1872","Commedia drammatica",1993,2483,2351,1
"1873","Cortometraggio",1993,2274,2056,2
"1874","Documentario",1993,1335,1821,37
"1875","Drammatico",1993,668,544,219
"1876","Family",1993,432,440,5
"1877","Fantascienza",1993,191,557,13
"1878","Fantastico",1993,788,232,1
"1879","Fantasy",1993,737,747,15
"1880","Favola",1993,2253,1757,2
"1881","Giallo",1993,846,903,10
"1882","Guerra",1993,12,190,5
"1883","Horror",1993,134,553,12
"1884","Musicale",1993,1478,1657,6
"1885","Noir",1993,641,1130,1
"1886","Poliziesco",1993,318,592,14
"1887","Religioso",1993,2246,1666,2
"1888","Sentimentale",1993,892,623,13
"1889","Storico",1993,1402,1463,11
"1890","Thriller",1993,464,775,44
"1891","Western",1993,180,635,3
"1892","Animazione",1994,1188,475,17
"1893","Arti-marziali",1994,1133,556,3
"1894","Avventura",1994,908,658,23
"1895","Azione",1994,581,946,38
"1896","Biografico",1994,522,301,8
"1897","Comico",1994,817,691,17
"1898","Commedia",1994,550,612,152
"1899","Documentario",1994,1010,1638,30
"1900","Drammatico",1994,401,482,208
"1901","Erotico",1994,1851,126,4
"1902","Family",1994,1444,757,6
"1903","Fantascienza",1994,861,1328,11
"1904","Fantasy",1994,501,377,27
"1905","Fiabesco",1994,2328,957,1
"1906","Giallo",1994,1716,1481,8
"1907","Guerra",1994,2200,2100,5
"1908","Horror",1994,381,432,11
"1909","Musicale",1994,1190,348,6
"1910","Noir",1994,2329,2352,1
"1911","Poliziesco",1994,2037,1388,8
"1912","Religioso",1994,2033,2353,1
"1913","Sentimentale",1994,98,257,20
"1914","Storico",1994,1659,372,7
"1915","Thriller",1994,187,502,53
"1916","Western",1994,913,713,6
"1917","Animazione",1995,178,550,17
"1918","Arti-marziali",1995,586,677,4
"1919","Avventura",1995,326,379,37
"1920","Azione",1995,300,655,42
"1921","Biografico",1995,2431,843,5
"1922","Comico",1995,353,671,13
"1923","Commedia",1995,834,581,144
"1924","Cortometraggio",1995,1913,2354,1
"1925","Documentario",1995,1800,1655,25
"1926","Drammatico",1995,509,607,175
"1927","Erotico",1995,2442,657,2
"1928","Family",1995,606,511,10
"1929","Fantascienza",1995,387,656,10
"1930","Fantastico",1995,2240,447,1
"1931","Fantasy",1995,445,443,28
"1932","Favola",1995,1689,902,3
"1933","Fiabesco",1995,2379,2355,1
"1934","Giallo",1995,987,1188,13
"1935","Grottesco",1995,2480,2356,1
"1936","Guerra",1995,1255,1999,2
"1937","Horror",1995,799,846,14
"1938","Musicale",1995,2011,1476,3
"1939","Noir",1995,628,720,4
"1940","Opera drammatica",1995,1962,2108,1
"1941","Poliziesco",1995,174,491,11
"1942","Sentimentale",1995,352,872,16
"1943","Storico",1995,59,278,7
"1944","Thriller",1995,290,765,78
"1945","Western",1995,566,621,8
"1946","Animazione",1996,274,585,26
"1947","Avventura",1996,743,554,19
"1948","Azione",1996,518,697,42
"1949","Biografico",1996,703,859,7
"1950","Cofanetto",1996,1968,2357,1
"1951","Comico",1996,634,663,18
"1952","Commedia",1996,754,721,173
"1953","Commedia drammatica",1996,1154,2358,1
"1954","Documentario",1996,934,1307,27
"1955","Drammatico",1996,757,710,211
"1956","Erotico",1996,2280,393,1
"1957","Family",1996,83,224,1
"1958","Fantascienza",1996,231,764,12
"1959","Fantastico",1996,900,146,1
"1960","Fantasy",1996,164,445,20
"1961","Favola",1996,841,647,1
"1962","Giallo",1996,562,773,8
"1963","Guerra",1996,2059,1704,1
"1964","Horror",1996,217,620,10
"1965","Musicale",1996,659,614,14
"1966","Muto",1996,2445,915,1
"1967","Noir",1996,1129,1767,2
"1968","Poliziesco",1996,360,565,10
"1969","Psicologico",1996,1353,1827,1
"1970","Sentimentale",1996,758,567,23
"1971","Sportivo",1996,1711,2540,1
"1972","Storico",1996,1276,1207,4
"1973","Thriller",1996,600,695,62
"1974","Western",1996,1447,517,2
"1975","Animazione",1997,279,318,14
"1976","Arti-marziali",1997,1631,380,2
"1977","Avventura",1997,487,436,24
"1978","Azione",1997,189,587,47
"1979","Biografico",1997,1244,609,11
"1980","Comico",1997,787,650,17
"1981","Commedia",1997,539,562,174
"1982","Documentario",1997,371,1803,48
"1983","Drammatico",1997,473,498,257
"1984","Family",1997,1330,796,7
"1985","Fantascienza",1997,79,408,13
"1986","Fantasy",1997,146,331,25
"1987","Favola",1997,1228,248,3
"1988","Giallo",1997,2038,1639,7
"1989","Guerra",1997,1036,723,3
"1990","Horror",1997,552,481,12
"1991","Musicale",1997,2001,1541,10
"1992","Muto",1997,2521,2359,1
"1993","Noir",1997,121,493,3
"1994","Poliziesco",1997,194,589,10
"1995","Religioso",1997,2437,1202,4
"1996","Sentimentale",1997,1456,949,20
"1997","Sitcom",1997,2512,718,1
"1998","Storico",1997,1425,1191,6
"1999","Thriller",1997,434,652,69
"2000","Western",1997,2207,2522,2
"2001","Animazione",1998,348,321,23
"2002","Arti-marziali",1998,694,523,1
"2003","Avventura",1998,626,390,18
"2004","Azione",1998,221,549,36
"2005","Biografico",1998,399,268,5
"2006","Comico",1998,775,619,16
"2007","Commedia",1998,618,593,188
"2008","Commedia drammatica",1998,2510,1544,1
"2009","Documentario",1998,779,1315,24
"2010","Drammatico",1998,493,411,209
"2011","Episodi",1998,2089,2030,1
"2012","Erotico",1998,1507,8,1
"2013","Family",1998,1145,651,7
"2014","Fantascienza",1998,186,534,14
"2015","Fantastico",1998,2392,2360,1
"2016","Fantasy",1998,230,279,14
"2017","Favola",1998,1048,319,2
"2018","Giallo",1998,158,1056,6
"2019","Grottesco",1998,1207,2515,1
"2020","Guerra",1998,7,236,4
"2021","Horror",1998,214,605,20
"2022","Musicale",1998,875,603,10
"2023","Noir",1998,1245,1002,3
"2024","Poliziesco",1998,598,891,10
"2025","Religioso",1998,2330,1284,1
"2026","Sentimentale",1998,584,453,28
"2027","Storico",1998,1854,488,2
"2028","Thriller",1998,388,698,74
"2029","Western",1998,321,682,2
"2030","Animazione",1999,242,410,21
"2031","Avventura",1999,306,435,24
"2032","Azione",1999,25,345,26
"2033","Biografico",1999,426,848,8
"2034","Cofanetto",1999,2475,776,1
"2035","Comico",1999,1473,359,8
"2036","Commedia",1999,637,641,262
"2037","Docu-fiction",1999,2338,2000,1
"2038","Documentario",1999,1177,1772,47
"2039","Drammatico",1999,397,571,265
"2040","Erotico",1999,1772,964,3
"2041","Family",1999,1025,630,9
"2042","Fantascienza",1999,11,252,9
"2043","Fantastico",1999,9,2361,1
"2044","Fantasy",1999,534,602,13
"2045","Giallo",1999,1398,673,5
"2046","Guerra",1999,1723,1357,2
"2047","Horror",1999,316,397,20
"2048","Musicale",1999,968,484,8
"2049","Muto",1999,456,1893,1
"2050","Noir",1999,2182,1157,2
"2051","Poliziesco",1999,768,904,12
"2052","Psicologico",1999,494,265,1
"2053","Religioso",1999,1899,1858,3
"2054","Sentimentale",1999,488,717,27
"2055","Storico",1999,981,524,9
"2056","Thriller",1999,517,615,60
"2057","Western",1999,1208,2541,1
"2058","Animazione",2000,537,455,25
"2059","Avventura",2000,104,334,12
"2060","Azione",2000,54,264,29
"2061","Biografico",2000,1293,777,17
"2062","Comico",2000,1211,944,3
"2063","Commedia",2000,594,541,196
"2064","Documentario",2000,827,1804,126
"2065","Drammatico",2000,599,595,292
"2066","Erotico",2000,1271,249,4
"2067","Family",2000,901,610,9
"2068","Fantascienza",2000,149,437,12
"2069","Fantasy",2000,152,433,12
"2070","Giallo",2000,74,352,13
"2071","Guerra",2000,662,794,6
"2072","Horror",2000,431,526,24
"2073","Musicale",2000,1785,1007,11
"2074","Muto",2000,2457,1353,2
"2075","Noir",2000,933,857,2
"2076","Poliziesco",2000,154,449,17
"2077","Religioso",2000,1991,344,1
"2078","Sentimentale",2000,624,582,37
"2079","Storico",2000,29,195,8
"2080","Thriller",2000,170,507,62
"2081","Western",2000,255,538,2
"2082","Animazione",2001,268,284,21
"2083","Avventura",2001,73,234,28
"2084","Azione",2001,244,406,49
"2085","Biografico",2001,1728,893,18
"2086","Comico",2001,2380,611,2
"2087","Commedia",2001,555,627,230
"2088","Commedia a episodi",2001,2528,1062,1
"2089","Documentario",2001,1582,1568,67
"2090","Drammatico",2001,597,532,328
"2091","Erotico",2001,2008,96,3
"2092","Family",2001,705,667,12
"2093","Fantascienza",2001,46,340,16
"2094","Fantasy",2001,42,210,19
"2095","Favola",2001,1315,261,1
"2096","Giallo",2001,253,497,8
"2097","Guerra",2001,89,291,14
"2098","Horror",2001,513,618,28
"2099","Musicale",2001,424,355,14
"2100","Noir",2001,347,454,3
"2101","Poliziesco",2001,676,705,14
"2102","Religioso",2001,2381,2438,1
"2103","Sentimentale",2001,544,503,67
"2104","Storico",2001,1174,662,15
"2105","Thriller",2001,310,487,84
"2106","Western",2001,1173,823,4
"2107","Animazione",2002,556,560,30
"2108","Avventura",2002,151,262,33
"2109","Azione",2002,188,384,69
"2110","Biografico",2002,147,407,18
"2111","Comico",2002,2393,841,2
"2112","Commedia",2002,615,632,191
"2113","Documentario",2002,1215,1309,85
"2114","Drammatico",2002,579,670,381
"2115","Erotico",2002,1538,381,2
"2116","Eventi",2002,1481,1923,1
"2117","Family",2002,499,425,17
"2118","Fantascienza",2002,298,520,30
"2119","Fantasy",2002,62,263,21
"2120","Giallo",2002,657,648,14
"2121","Guerra",2002,568,504,12
"2122","Horror",2002,258,424,24
"2123","Musicale",2002,917,1178,30
"2124","Noir",2002,2162,1572,6
"2125","Poliziesco",2002,263,574,26
"2126","Sentimentale",2002,653,638,85
"2127","Storico",2002,1704,628,7
"2128","Thriller",2002,237,429,99
"2129","Western",2002,2432,1304,2
"2130","Animazione",2003,278,456,25
"2131","Avventura",2003,21,235,27
"2132","Azione",2003,99,314,56
"2133","Biografico",2003,1646,801,13
"2134","Comico",2003,2447,2362,1
"2135","Commedia",2003,437,533,173
"2136","Documentario",2003,1191,1462,104
"2137","Drammatico",2003,642,631,339
"2138","Erotico",2003,2422,17,2
"2139","Family",2003,760,371,21
"2140","Fantascienza",2003,72,274,17
"2141","Fantasy",2003,48,242,16
"2142","Favola",2003,2097,2363,1
"2143","Giallo",2003,833,588,7
"2144","Guerra",2003,994,479,6
"2145","Horror",2003,339,323,28
"2146","Musicale",2003,1112,981,15
"2147","Noir",2003,1140,1901,3
"2148","Poliziesco",2003,678,392,12
"2149","Sentimentale",2003,738,572,54
"2150","Storico",2003,1397,313,5
"2151","Thriller",2003,266,416,73
"2152","Western",2003,479,474,3
"2153","Animazione",2004,325,442,29
"2154","Avventura",2004,260,329,49
"2155","Azione",2004,179,297,74
"2156","Biografico",2004,322,225,14
"2157","Comico",2004,109,800,3
"2158","Commedia",2004,312,417,167
"2159","Commedia drammatica",2004,2397,2364,1
"2160","Documentario",2004,1556,1634,184
"2161","Drammatico",2004,536,558,369
"2162","Erotico",2004,1041,272,3
"2163","Family",2004,777,353,11
"2164","Fantascienza",2004,365,478,21
"2165","Fantasy",2004,198,259,30
"2166","Favola",2004,2382,1531,1
"2167","Giallo",2004,458,401,7
"2168","Guerra",2004,309,495,14
"2169","Horror",2004,287,415,47
"2170","Musicale",2004,529,423,17
"2171","Noir",2004,2084,1851,1
"2172","Poliziesco",2004,580,501,12
"2173","Religioso",2004,22,119,1
"2174","Sentimentale",2004,283,373,63
"2175","Storico",2004,356,153,12
"2176","Thriller",2004,207,441,83
"2177","Western",2004,1004,807,3
"2178","Animazione",2005,429,583,25
"2179","Avventura",2005,236,333,38
"2180","Azione",2005,88,308,62
"2181","Balletto",2005,2383,2503,1
"2182","Biografico",2005,530,508,17
"2183","Comico",2005,1740,2544,2
"2184","Commedia",2005,474,448,202
"2185","Documentario",2005,825,1261,220
"2186","Drammatico",2005,635,639,367
"2187","Erotico",2005,1329,21,3
"2188","Family",2005,766,529,19
"2189","Fantascienza",2005,53,282,17
"2190","Fantasy",2005,209,281,21
"2191","Giallo",2005,1783,1836,11
"2192","Guerra",2005,232,332,5
"2193","Horror",2005,418,395,47
"2194","Musicale",2005,851,719,18
"2195","Muto",2005,2384,2365,1
"2196","Noir",2005,781,1131,1
"2197","Poliziesco",2005,510,573,12
"2198","Sentimentale",2005,643,515,39
"2199","Storico",2005,463,326,10
"2200","Thriller",2005,262,451,102
"2201","Western",2005,462,679,3
"2202","Animazione",2006,533,476,49
"2203","Avventura",2006,190,354,35
"2204","Azione",2006,163,341,61
"2205","Biografico",2006,1210,987,34
"2206","Comico",2006,421,925,7
"2207","Commedia",2006,545,542,206
"2208","Commedia a episodi",2006,2408,2366,1
"2209","Commedia sentimentale",2006,2489,2367,1
"2210","Documentario",2006,1606,1637,202
"2211","Drammatico",2006,601,599,433
"2212","Erotico",2006,690,134,3
"2213","Family",2006,970,868,10
"2214","Fantascienza",2006,427,579,22
"2215","Fantastico",2006,2236,1784,1
"2216","Fantasy",2006,185,396,19
"2217","Favola",2006,2385,2368,1
"2218","Giallo",2006,734,706,9
"2219","Guerra",2006,489,531,13
"2220","Horror",2006,453,460,71
"2221","Musicale",2006,1084,1015,18
"2222","Noir",2006,1932,1113,2
"2223","Poliziesco",2006,603,899,8
"2224","Religioso",2006,1819,601,3
"2225","Sentimentale",2006,512,678,60
"2226","Spionaggio",2006,2331,1068,1
"2227","Sportivo",2006,1,1716,1
"2228","Storico",2006,748,376,9
"2229","Thriller",2006,227,339,101
"2230","Western",2006,1017,906,5
"2231","Animazione",2007,343,368,41
"2232","Arti-marziali",2007,2400,1196,1
"2233","Avventura",2007,172,298,33
"2234","Azione",2007,193,337,58
"2235","Biografico",2007,868,471,25
"2236","Comico",2007,684,919,2
"2237","Commedia",2007,532,394,205
"2238","Cortometraggio",2007,477,1063,1
"2239","Documentario",2007,1717,1289,224
"2240","Drammatico",2007,575,505,444
"2241","Erotico",2007,2126,130,4
"2242","Family",2007,1047,636,10
"2243","Fantascienza",2007,118,296,20
"2244","Fantasy",2007,202,305,22
"2245","Fiabesco",2007,2421,2439,1
"2246","Giallo",2007,1821,685,6
"2247","Guerra",2007,1360,852,3
"2248","Horror",2007,234,295,58
"2249","Musicale",2007,491,378,25
"2250","Noir",2007,902,461,5
"2251","Poliziesco",2007,448,578,11
"2252","Sentimentale",2007,810,500,45
"2253","Storico",2007,859,494,20
"2254","Thriller",2007,264,362,113
"2255","Western",2007,58,287,3
"2256","Animazione",2008,314,245,26
"2257","Arti-marziali",2008,794,306,2
"2258","Avventura",2008,142,212,45
"2259","Azione",2008,31,172,55
"2260","Biografico",2008,439,400,23
"2261","Comico",2008,455,219,3
"2262","Commedia",2008,435,315,214
"2263","Cortometraggio",2008,2332,2096,1
"2264","Documentario",2008,1238,810,75
"2265","Drammatico",2008,535,300,353
"2266","Family",2008,855,303,16
"2267","Fantascienza",2008,210,237,22
"2268","Fantastico",2008,129,715,2
"2269","Fantasy",2008,49,169,25
"2270","Giallo",2008,1142,649,8
"2271","Guerra",2008,341,251,13
"2272","Horror",2008,307,211,44
"2273","Musicale",2008,648,309,21
"2274","Muto",2008,259,438,1
"2275","Noir",2008,1745,458,3
"2276","Parodia",2008,1367,947,2
"2277","Poliziesco",2008,867,748,15
"2278","Ragazzi",2008,2469,2369,1
"2279","Religioso",2008,2414,745,1
"2280","Sentimentale",2008,486,289,48
"2281","Storico",2008,407,246,11
"2282","Thriller",2008,272,255,91
"2283","Western",2008,351,213,2
"2284","Animazione",2009,111,106,24
"2285","Avventura",2009,47,59,36
"2286","Azione",2009,123,116,75
"2287","Biografico",2009,228,142,26
"2288","Comico",2009,845,243,6
"2289","Commedia",2009,377,181,177
"2290","Commedia drammatica",2009,2211,1069,1
"2291","Cortometraggio",2009,2226,2370,1
"2292","Documentario",2009,929,280,36
"2293","Drammatico",2009,516,187,260
"2294","Erotico",2009,2531,43,1
"2295","Family",2009,420,98,17
"2296","Fantascienza",2009,91,85,44
"2297","Fantasy",2009,208,122,23
"2298","Giallo",2009,385,231,16
"2299","Guerra",2009,56,131,10
"2300","Horror",2009,304,167,56
"2301","Musicale",2009,423,179,11
"2302","Muto",2009,419,2440,1
"2303","Noir",2009,271,111,5
"2304","Parodia",2009,1594,254,3
"2305","Poliziesco",2009,329,240,16
"2306","Sentimentale",2009,346,171,51
"2307","Storico",2009,940,91,12
"2308","Thriller",2009,218,139,126
"2309","Western",2009,1788,361,2
"2310","Animazione",2010,65,14,21
"2311","Arti-marziali",2010,281,294,2
"2312","Avventura",2010,75,13,39
"2313","Azione",2010,124,32,71
"2314","Balletto",2010,1809,1292,1
"2315","Biografico",2010,140,76,17
"2316","Commedia",2010,342,52,173
"2317","Documentario",2010,924,221,38
"2318","Drammatico",2010,389,95,254
"2319","Family",2010,197,20,20
"2320","Fantascienza",2010,15,24,15
"2321","Fantasy",2010,126,4,24
"2322","Giallo",2010,1261,147,5
"2323","Guerra",2010,1860,2371,2
"2324","Horror",2010,496,46,38
"2325","Musicale",2010,416,35,17
"2326","Parodia",2010,519,11,2
"2327","Poliziesco",2010,175,61,12
"2328","Sentimentale",2010,323,62,64
"2329","Storico",2010,222,42,18
"2330","Thriller",2010,150,30,94
"2331","Western",2010,167,77,5
"2332","Animazione",2011,159,15,30
"2333","Avventura",2011,55,9,46
"2334","Azione",2011,115,18,85
"2335","Biografico",2011,557,148,14
"2336","Comico",2011,567,1,3
"2337","Commedia",2011,384,31,195
"2338","Documentario",2011,1340,158,38
"2339","Drammatico",2011,446,124,283
"2340","Erotico",2011,805,197,2
"2341","Family",2011,671,29,24
"2342","Fantascienza",2011,78,27,40
"2343","Fantasy",2011,105,3,26
"2344","Giallo",2011,201,49,9
"2345","Guerra",2011,328,100,4
"2346","Horror",2011,332,36,48
"2347","Musicale",2011,184,40,15
"2348","Noir",2011,2145,109,3
"2349","Parodia",2011,1265,12,2
"2350","Poliziesco",2011,470,299,12
"2351","Sentimentale",2011,305,50,53
"2352","Storico",2011,508,71,11
"2353","Thriller",2011,296,55,120
"2354","Western",2011,1090,69,2
"2355","Animazione",2012,87,25,22
"2356","Arti-marziali",2012,459,143,2
"2357","Avventura",2012,33,23,46
"2358","Azione",2012,85,53,89
"2359","Biografico",2012,450,112,17
"2360","Comico",2012,1024,22,5
"2361","Commedia",2012,354,87,186
"2362","Documentario",2012,1249,258,41
"2363","Drammatico",2012,315,110,264
"2364","Family",2012,480,56,15
"2365","Fantascienza",2012,40,45,27
"2366","Fantasy",2012,26,6,20
"2367","Giallo",2012,317,206,8
"2368","Guerra",2012,465,101,4
"2369","Horror",2012,349,68,46
"2370","Musicale",2012,277,86,14
"2371","Noir",2012,2022,363,3
"2372","Poliziesco",2012,148,239,6
"2373","Religioso",2012,1571,1197,1
"2374","Sentimentale",2012,261,82,47
"2375","Storico",2012,364,99,7
"2376","Thriller",2012,203,84,128
"2377","Animazione",2013,200,34,29
"2378","Avventura",2013,60,28,54
"2379","Azione",2013,97,54,102
"2380","Biografico",2013,334,107,25
"2381","Comico",2013,1396,2,2
"2382","Commedia",2013,335,73,153
"2383","Documentario",2013,1095,226,50
"2384","Drammatico",2013,366,141,289
"2385","Family",2013,515,88,30
"2386","Fantascienza",2013,68,48,37
"2387","Fantasy",2013,38,19,25
"2388","Giallo",2013,695,391,12
"2389","Guerra",2013,229,183,4
"2390","Horror",2013,254,120,44
"2391","Musicale",2013,730,92,15
"2392","Noir",2013,2502,293,2
"2393","Parodia",2013,645,26,2
"2394","Poliziesco",2013,219,105,12
"2395","Sentimentale",2013,680,174,49
"2396","Storico",2013,345,316,11
"2397","Thriller",2013,273,151,148
"2398","Western",2013,4,5,4
"2399","Animazione",2014,286,81,29
"2400","Avventura",2014,143,60,43
"2401","Azione",2014,86,83,94
"2402","Biografico",2014,289,113,31
"2403","Comico",2014,2285,47,2
"2404","Commedia",2014,490,154,193
"2405","Commedia sentimentale",2014,753,327,1
"2406","Documentario",2014,956,325,44
"2407","Drammatico",2014,408,159,323
"2408","Erotico",2014,192,121,3
"2409","Family",2014,682,157,31
"2410","Fantascienza",2014,19,38,28
"2411","Fantasy",2014,63,44,26
"2412","Favola",2014,2039,2372,1
"2413","Giallo",2014,778,253,10
"2414","Guerra",2014,114,74,9
"2415","Horror",2014,441,137,30
"2416","Musicale",2014,665,199,20
"2417","Muto",2014,903,2373,1
"2418","Noir",2014,436,312,4
"2419","Poliziesco",2014,205,205,4
"2420","Religioso",2014,2251,421,1
"2421","Sentimentale",2014,460,166,70
"2422","Storico",2014,561,65,10
"2423","Thriller",2014,248,163,118
"2424","Western",2014,288,290,4
"2425","Animazione",2015,265,72,31
"2426","Arti-marziali",2015,527,288,2
"2427","Avventura",2015,80,51,55
"2428","Azione",2015,127,78,85
"2429","Biografico",2015,402,149,42
"2430","Comico",2015,1192,37,4
"2431","Commedia",2015,560,145,171
"2432","Documentario",2015,1212,347,83
"2433","Drammatico",2015,481,178,345
"2434","Erotico",2015,162,10,2
"2435","Family",2015,640,97,31
"2436","Fantascienza",2015,67,79,22
"2437","Fantasy",2015,71,39,28
"2438","Giallo",2015,2221,202,10
"2439","Guerra",2015,612,230,12
"2440","Horror",2015,340,208,30
"2441","Musicale",2015,611,214,20
"2442","Noir",2015,1867,182,3
"2443","Parodia",2015,983,129,2
"2444","Poliziesco",2015,1752,767,1
"2445","Sentimentale",2015,558,161,72
"2446","Storico",2015,378,66,14
"2447","Thriller",2015,284,155,126
"2448","Western",2015,30,33,7
"2449","Animazione",2016,246,89,41
"2450","Avventura",2016,119,70,61
"2451","Azione",2016,131,103,87
"2452","Biografico",2016,677,196,53
"2453","Comico",2016,1308,58,6
"2454","Commedia",2016,466,108,188
"2455","Documentario",2016,993,427,84
"2456","Drammatico",2016,514,193,342
"2457","Family",2016,324,93,36
"2458","Fantascienza",2016,43,63,21
"2459","Fantasy",2016,35,41,32
"2460","Giallo",2016,1753,419,17
"2461","Guerra",2016,373,138,14
"2462","Horror",2016,400,186,39
"2463","Musicale",2016,370,104,25
"2464","Noir",2016,84,173,2
"2465","Parodia",2016,936,94,1
"2466","Poliziesco",2016,2470,527,1
"2467","Sentimentale",2016,523,170,77
"2468","Storico",2016,398,229,18
"2469","Thriller",2016,425,185,146
"2470","Western",2016,161,125,2
"2471","Animazione",2017,686,80,32
"2472","Avventura",2017,139,75,41
"2473","Azione",2017,132,114,80
"2474","Biografico",2017,320,217,51
"2475","Comico",2017,1944,135,3
"2476","Commedia",2017,654,156,189
"2477","Docu-fiction",2017,2386,343,1
"2478","Documentario",2017,870,386,73
"2479","Documentario musicale",2017,2444,958,1
"2480","Drammatico",2017,592,191,322
"2481","Erotico",2017,276,7,1
"2482","Family",2017,667,67,30
"2483","Fantascienza",2017,133,102,25
"2484","Fantasy",2017,81,64,32
"2485","Giallo",2017,885,180,22
"2486","Guerra",2017,224,144,11
"2487","Horror",2017,412,123,49
"2488","Musicale",2017,564,118,19
"2489","Noir",2017,2135,184,4
"2490","Parodia",2017,2476,127,1
"2491","Poliziesco",2017,1459,247,4
"2492","Religioso",2017,2420,207,1
"2493","Sentimentale",2017,638,168,72
"2494","Storico",2017,483,218,14
"2495","Thriller",2017,413,162,156
"2496","Western",2017,428,176,4
"2497","Animazione",2018,724,175,32
"2498","Avventura",2018,270,115,51
"2499","Azione",2018,252,132,84
"2500","Biografico",2018,752,198,39
"2501","Comico",2018,1793,152,2
"2502","Commedia",2018,847,194,176
"2503","Commedia drammatica",2018,2256,2374,1
"2504","Documentario",2018,1762,328,60
"2505","Drammatico",2018,796,228,251
"2506","Erotico",2018,541,16,1
"2507","Family",2018,739,128,27
"2508","Fantascienza",2018,239,140,37
"2509","Fantasy",2018,338,90,31
"2510","Giallo",2018,1769,412,5
"2511","Guerra",2018,621,220,2
"2512","Horror",2018,506,150,42
"2513","Musicale",2018,651,136,22
"2514","Noir",2018,963,203,5
"2515","Poliziesco",2018,2438,1717,2
"2516","Religioso",2018,1225,57,1
"2517","Sentimentale",2018,789,177,43
"2518","Storico",2018,1114,192,12
"2519","Thriller",2018,578,209,135
"2520","Western",2018,811,277,5
"2521","Animazione",2019,2028,2111,18
"2522","Avventura",2019,2177,2395,33
"2523","Azione",2019,1269,1434,35
"2524","Biografico",2019,2289,1501,9
"2525","Commedia",2019,1861,1854,30
"2526","Commedia drammatica",2019,2540,2375,1
"2527","Documentario",2019,2353,2400,3
"2528","Drammatico",2019,1660,1914,41
"2529","Family",2019,2103,2391,9
"2530","Fantascienza",2019,2195,2057,14
"2531","Fantasy",2019,720,2389,8
"2532","Guerra",2019,2471,2441,1
"2533","Horror",2019,1247,2066,16
"2534","Musicale",2019,2411,2376,3
"2535","Noir",2019,2415,2377,1
"2536","Sentimentale",2019,2405,2401,5
"2537","Thriller",2019,1394,1247,27
"2538","Western",2019,2518,2378,1
"2539","Animazione",2020,2333,2379,1
"2540","Avventura",2020,2343,2442,2
"2541","Azione",2020,2472,2380,1
"2542","Commedia",2020,2416,2381,1
"2543","Drammatico",2020,2435,2472,2
"2544","Family",2020,2395,2382,2
"2545","Fantasy",2020,2387,2383,1
"2546","Musicale",2020,2481,2384,1
